from_stop_id,to_stop_id,from_stop_name,to_stop_name
AG18,AG17,AMPANG,CAHAYA
AG17,AG16,CAHAYA,CEMPAKA
AG16,AG15,CEMPAKA,PANDAN INDAH
AG15,AG14,PANDAN INDAH,PANDAN JAYA
AG14,AG13,PANDAN JAYA,MALURI
AG13,AG12,MALURI,MIHARJA
AG12,AG11,MIHARJA,CHAN SOW LIN
AG11,AG10,CHAN SOW LIN,PUDU
AG10,AG9,PUDU,HANG TUAH
AG9,AG8,HANG TUAH,PLAZA RAKYAT
AG8,AG7,PLAZA RAKYAT,MASJID JAMEK
AG7,AG6,MASJID JAMEK,BANDARAYA
AG6,AG5,BANDARAYA,SULTAN ISMAIL
AG5,AG4,SULTAN ISMAIL,PWTC
AG4,AG3,PWTC,TITIWANGSA
AG3,AG2,TITIWANGSA,SENTUL
AG2,AG1,SENTUL,SENTUL TIMUR
AG1,AG2,SENTUL TIMUR,SENTUL
AG2,AG3,SENTUL,TITIWANGSA
AG3,AG4,TITIWANGSA,PWTC
AG4,AG5,PWTC,SULTAN ISMAIL
AG5,AG6,SULTAN ISMAIL,BANDARAYA
AG6,AG7,BANDARAYA,MASJID JAMEK
AG7,AG8,MASJID JAMEK,PLAZA RAKYAT
AG8,AG9,PLAZA RAKYAT,HANG TUAH
AG9,AG10,HANG TUAH,PUDU
AG10,AG11,PUDU,CHAN SOW LIN
AG11,AG12,CHAN SOW LIN,MIHARJA
AG12,AG13,MIHARJA,MALURI
AG13,AG14,MALURI,PANDAN JAYA
AG14,AG15,PANDAN JAYA,PANDAN INDAH
AG15,AG16,PANDAN INDAH,CEMPAKA
AG16,AG17,CEMPAKA,CAHAYA
AG17,AG18,CAHAYA,AMPANG
AG18,AG17,AMPANG,CAHAYA
AG17,AG16,CAHAYA,CEMPAKA
AG16,AG15,CEMPAKA,PANDAN INDAH
AG15,AG14,PANDAN INDAH,PANDAN JAYA
AG14,AG13,PANDAN JAYA,MALURI
AG13,AG12,MALURI,MIHARJA
AG12,AG11,MIHARJA,CHAN SOW LIN
AG11,AG10,CHAN SOW LIN,PUDU
AG10,AG9,PUDU,HANG TUAH
AG9,AG8,HANG TUAH,PLAZA RAKYAT
AG8,AG7,PLAZA RAKYAT,MASJID JAMEK
AG7,AG6,MASJID JAMEK,BANDARAYA
AG6,AG5,BANDARAYA,SULTAN ISMAIL
AG5,AG4,SULTAN ISMAIL,PWTC
AG4,AG3,PWTC,TITIWANGSA
AG3,AG2,TITIWANGSA,SENTUL
AG2,AG1,SENTUL,SENTUL TIMUR
AG1,AG2,SENTUL TIMUR,SENTUL
AG2,AG3,SENTUL,TITIWANGSA
AG3,AG4,TITIWANGSA,PWTC
AG4,AG5,PWTC,SULTAN ISMAIL
AG5,AG6,SULTAN ISMAIL,BANDARAYA
AG6,AG7,BANDARAYA,MASJID JAMEK
AG7,AG8,MASJID JAMEK,PLAZA RAKYAT
AG8,AG9,PLAZA RAKYAT,HANG TUAH
AG9,AG10,HANG TUAH,PUDU
AG10,AG11,PUDU,CHAN SOW LIN
AG11,AG12,CHAN SOW LIN,MIHARJA
AG12,AG13,MIHARJA,MALURI
AG13,AG14,MALURI,PANDAN JAYA
AG14,AG15,PANDAN JAYA,PANDAN INDAH
AG15,AG16,PANDAN INDAH,CEMPAKA
AG16,AG17,CEMPAKA,CAHAYA
AG17,AG18,CAHAYA,AMPANG
AG18,AG17,AMPANG,CAHAYA
AG17,AG16,CAHAYA,CEMPAKA
AG16,AG15,CEMPAKA,PANDAN INDAH
AG15,AG14,PANDAN INDAH,PANDAN JAYA
AG14,AG13,PANDAN JAYA,MALURI
AG13,AG12,MALURI,MIHARJA
AG12,AG11,MIHARJA,CHAN SOW LIN
AG11,AG10,CHAN SOW LIN,PUDU
AG10,AG9,PUDU,HANG TUAH
AG9,AG8,HANG TUAH,PLAZA RAKYAT
AG8,AG7,PLAZA RAKYAT,MASJID JAMEK
AG7,AG6,MASJID JAMEK,BANDARAYA
AG6,AG5,BANDARAYA,SULTAN ISMAIL
AG5,AG4,SULTAN ISMAIL,PWTC
AG4,AG3,PWTC,TITIWANGSA
AG3,AG2,TITIWANGSA,SENTUL
AG2,AG1,SENTUL,SENTUL TIMUR
AG1,AG2,SENTUL TIMUR,SENTUL
AG2,AG3,SENTUL,TITIWANGSA
AG3,AG4,TITIWANGSA,PWTC
AG4,AG5,PWTC,SULTAN ISMAIL
AG5,AG6,SULTAN ISMAIL,BANDARAYA
AG6,AG7,BANDARAYA,MASJID JAMEK
AG7,AG8,MASJID JAMEK,PLAZA RAKYAT
AG8,AG9,PLAZA RAKYAT,HANG TUAH
AG9,AG10,HANG TUAH,PUDU
AG10,AG11,PUDU,CHAN SOW LIN
AG11,AG12,CHAN SOW LIN,MIHARJA
AG12,AG13,MIHARJA,MALURI
AG13,AG14,MALURI,PANDAN JAYA
AG14,AG15,PANDAN JAYA,PANDAN INDAH
AG15,AG16,PANDAN INDAH,CEMPAKA
AG16,AG17,CEMPAKA,CAHAYA
AG17,AG18,CAHAYA,AMPANG
BRT1,BRT2,SUNWAY-SETIA JAYA,MENTARI
BRT2,BRT3,MENTARI,SUNWAY LAGOON 
BRT3,BRT4,SUNWAY LAGOON ,SUNMED
BRT4,BRT5,SUNMED,SunU-Monash
BRT5,BRT6,SunU-Monash,SOUTH QUAY-USJ 1
BRT6,BRT7,SOUTH QUAY-USJ 1,USJ7
BRT7,BRT6,USJ7,SOUTH QUAY-USJ 1
BRT6,BRT5,SOUTH QUAY-USJ 1,SunU-Monash
BRT5,BRT4,SunU-Monash,SUNMED
BRT4,BRT3,SUNMED,SUNWAY LAGOON 
BRT3,BRT2,SUNWAY LAGOON ,MENTARI
BRT2,BRT1,MENTARI,SUNWAY-SETIA JAYA
BRT1,BRT2,SUNWAY-SETIA JAYA,MENTARI
BRT2,BRT3,MENTARI,SUNWAY LAGOON 
BRT3,BRT4,SUNWAY LAGOON ,SUNMED
BRT4,BRT5,SUNMED,SunU-Monash
BRT5,BRT6,SunU-Monash,SOUTH QUAY-USJ 1
BRT6,BRT7,SOUTH QUAY-USJ 1,USJ7
BRT7,BRT6,USJ7,SOUTH QUAY-USJ 1
BRT6,BRT5,SOUTH QUAY-USJ 1,SunU-Monash
BRT5,BRT4,SunU-Monash,SUNMED
BRT4,BRT3,SUNMED,SUNWAY LAGOON 
BRT3,BRT2,SUNWAY LAGOON ,MENTARI
BRT2,BRT1,MENTARI,SUNWAY-SETIA JAYA
BRT1,BRT2,SUNWAY-SETIA JAYA,MENTARI
BRT2,BRT3,MENTARI,SUNWAY LAGOON 
BRT3,BRT4,SUNWAY LAGOON ,SUNMED
BRT4,BRT5,SUNMED,SunU-Monash
BRT5,BRT6,SunU-Monash,SOUTH QUAY-USJ 1
BRT6,BRT7,SOUTH QUAY-USJ 1,USJ7
BRT7,BRT6,USJ7,SOUTH QUAY-USJ 1
BRT6,BRT5,SOUTH QUAY-USJ 1,SunU-Monash
BRT5,BRT4,SunU-Monash,SUNMED
BRT4,BRT3,SUNMED,SUNWAY LAGOON 
BRT3,BRT2,SUNWAY LAGOON ,MENTARI
BRT2,BRT1,MENTARI,SUNWAY-SETIA JAYA
KG04,KG05,KWASA DAMANSARA,KWASA SENTRAL
KG05,KG06,KWASA SENTRAL,KOTA DAMANSARA
KG06,KG07,KOTA DAMANSARA,SURIAN
KG07,KG08,SURIAN,MUTIARA DAMANSARA
KG08,KG09,MUTIARA DAMANSARA,BANDAR UTAMA
KG09,KG10,BANDAR UTAMA,TAMAN TUN DR ISMAIL
KG10,KG12,TAMAN TUN DR ISMAIL,PHILEO DAMANSARA
KG12,KG13,PHILEO DAMANSARA,PUSAT BANDAR DAMANSARA
KG13,KG14,PUSAT BANDAR DAMANSARA,SEMANTAN
KG14,KG15,SEMANTAN,MUZIUM NEGARA
KG15,KG16,MUZIUM NEGARA,PASAR SENI
KG16,KG17,PASAR SENI,MERDEKA
KG17,KG18A,MERDEKA,BUKIT BINTANG 
KG18A,KG20,BUKIT BINTANG ,TUN RAZAK EXCHANGE
KG20,KG21,TUN RAZAK EXCHANGE,COCHRANE
KG21,KG22,COCHRANE,MALURI
KG22,KG23,MALURI,TAMAN PERTAMA
KG23,KG24,TAMAN PERTAMA,TAMAN MIDAH
KG24,KG25,TAMAN MIDAH,TAMAN MUTIARA
KG25,KG26,TAMAN MUTIARA,TAMAN CONNAUGHT
KG26,KG27,TAMAN CONNAUGHT,TAMAN SUNTEX
KG27,KG28,TAMAN SUNTEX,SRI RAYA
KG28,KG29,SRI RAYA,BANDAR TUN HUSSIEN ONN
KG29,KG30,BANDAR TUN HUSSIEN ONN,BATU 11 CHERAS
KG30,KG31,BATU 11 CHERAS,BUKIT DUKUNG
KG31,KG33,BUKIT DUKUNG,SUNGAI JERNIH
KG33,KG34,SUNGAI JERNIH,STADIUM KAJANG
KG34,KG35,STADIUM KAJANG,KAJANG
KG35,KG34,KAJANG,STADIUM KAJANG
KG34,KG33,STADIUM KAJANG,SUNGAI JERNIH
KG33,KG31,SUNGAI JERNIH,BUKIT DUKUNG
KG31,KG30,BUKIT DUKUNG,BATU 11 CHERAS
KG30,KG29,BATU 11 CHERAS,BANDAR TUN HUSSIEN ONN
KG29,KG28,BANDAR TUN HUSSIEN ONN,SRI RAYA
KG28,KG27,SRI RAYA,TAMAN SUNTEX
KG27,KG26,TAMAN SUNTEX,TAMAN CONNAUGHT
KG26,KG25,TAMAN CONNAUGHT,TAMAN MUTIARA
KG25,KG24,TAMAN MUTIARA,TAMAN MIDAH
KG24,KG23,TAMAN MIDAH,TAMAN PERTAMA
KG23,KG22,TAMAN PERTAMA,MALURI
KG22,KG21,MALURI,COCHRANE
KG21,KG20,COCHRANE,TUN RAZAK EXCHANGE
KG20,KG18A,TUN RAZAK EXCHANGE,BUKIT BINTANG 
KG18A,KG17,BUKIT BINTANG ,MERDEKA
KG17,KG16,MERDEKA,PASAR SENI
KG16,KG15,PASAR SENI,MUZIUM NEGARA
KG15,KG14,MUZIUM NEGARA,SEMANTAN
KG14,KG13,SEMANTAN,PUSAT BANDAR DAMANSARA
KG13,KG12,PUSAT BANDAR DAMANSARA,PHILEO DAMANSARA
KG12,KG10,PHILEO DAMANSARA,TAMAN TUN DR ISMAIL
KG10,KG09,TAMAN TUN DR ISMAIL,BANDAR UTAMA
KG09,KG08,BANDAR UTAMA,MUTIARA DAMANSARA
KG08,KG07,MUTIARA DAMANSARA,SURIAN
KG07,KG06,SURIAN,KOTA DAMANSARA
KG06,KG05,KOTA DAMANSARA,KWASA SENTRAL
KG05,KG04,KWASA SENTRAL,KWASA DAMANSARA
KG04,KG05,KWASA DAMANSARA,KWASA SENTRAL
KG05,KG06,KWASA SENTRAL,KOTA DAMANSARA
KG06,KG07,KOTA DAMANSARA,SURIAN
KG07,KG08,SURIAN,MUTIARA DAMANSARA
KG08,KG09,MUTIARA DAMANSARA,BANDAR UTAMA
KG09,KG10,BANDAR UTAMA,TAMAN TUN DR ISMAIL
KG10,KG12,TAMAN TUN DR ISMAIL,PHILEO DAMANSARA
KG12,KG13,PHILEO DAMANSARA,PUSAT BANDAR DAMANSARA
KG13,KG14,PUSAT BANDAR DAMANSARA,SEMANTAN
KG14,KG15,SEMANTAN,MUZIUM NEGARA
KG15,KG16,MUZIUM NEGARA,PASAR SENI
KG16,KG17,PASAR SENI,MERDEKA
KG17,KG18A,MERDEKA,BUKIT BINTANG 
KG18A,KG20,BUKIT BINTANG ,TUN RAZAK EXCHANGE
KG20,KG21,TUN RAZAK EXCHANGE,COCHRANE
KG21,KG22,COCHRANE,MALURI
KG22,KG23,MALURI,TAMAN PERTAMA
KG23,KG24,TAMAN PERTAMA,TAMAN MIDAH
KG24,KG25,TAMAN MIDAH,TAMAN MUTIARA
KG25,KG26,TAMAN MUTIARA,TAMAN CONNAUGHT
KG26,KG27,TAMAN CONNAUGHT,TAMAN SUNTEX
KG27,KG28,TAMAN SUNTEX,SRI RAYA
KG28,KG29,SRI RAYA,BANDAR TUN HUSSIEN ONN
KG29,KG30,BANDAR TUN HUSSIEN ONN,BATU 11 CHERAS
KG30,KG31,BATU 11 CHERAS,BUKIT DUKUNG
KG31,KG33,BUKIT DUKUNG,SUNGAI JERNIH
KG33,KG34,SUNGAI JERNIH,STADIUM KAJANG
KG34,KG35,STADIUM KAJANG,KAJANG
KG35,KG34,KAJANG,STADIUM KAJANG
KG34,KG33,STADIUM KAJANG,SUNGAI JERNIH
KG33,KG31,SUNGAI JERNIH,BUKIT DUKUNG
KG31,KG30,BUKIT DUKUNG,BATU 11 CHERAS
KG30,KG29,BATU 11 CHERAS,BANDAR TUN HUSSIEN ONN
KG29,KG28,BANDAR TUN HUSSIEN ONN,SRI RAYA
KG28,KG27,SRI RAYA,TAMAN SUNTEX
KG27,KG26,TAMAN SUNTEX,TAMAN CONNAUGHT
KG26,KG25,TAMAN CONNAUGHT,TAMAN MUTIARA
KG25,KG24,TAMAN MUTIARA,TAMAN MIDAH
KG24,KG23,TAMAN MIDAH,TAMAN PERTAMA
KG23,KG22,TAMAN PERTAMA,MALURI
KG22,KG21,MALURI,COCHRANE
KG21,KG20,COCHRANE,TUN RAZAK EXCHANGE
KG20,KG18A,TUN RAZAK EXCHANGE,BUKIT BINTANG 
KG18A,KG17,BUKIT BINTANG ,MERDEKA
KG17,KG16,MERDEKA,PASAR SENI
KG16,KG15,PASAR SENI,MUZIUM NEGARA
KG15,KG14,MUZIUM NEGARA,SEMANTAN
KG14,KG13,SEMANTAN,PUSAT BANDAR DAMANSARA
KG13,KG12,PUSAT BANDAR DAMANSARA,PHILEO DAMANSARA
KG12,KG10,PHILEO DAMANSARA,TAMAN TUN DR ISMAIL
KG10,KG09,TAMAN TUN DR ISMAIL,BANDAR UTAMA
KG09,KG08,BANDAR UTAMA,MUTIARA DAMANSARA
KG08,KG07,MUTIARA DAMANSARA,SURIAN
KG07,KG06,SURIAN,KOTA DAMANSARA
KG06,KG05,KOTA DAMANSARA,KWASA SENTRAL
KG05,KG04,KWASA SENTRAL,KWASA DAMANSARA
KG04,KG05,KWASA DAMANSARA,KWASA SENTRAL
KG05,KG06,KWASA SENTRAL,KOTA DAMANSARA
KG06,KG07,KOTA DAMANSARA,SURIAN
KG07,KG08,SURIAN,MUTIARA DAMANSARA
KG08,KG09,MUTIARA DAMANSARA,BANDAR UTAMA
KG09,KG10,BANDAR UTAMA,TAMAN TUN DR ISMAIL
KG10,KG12,TAMAN TUN DR ISMAIL,PHILEO DAMANSARA
KG12,KG13,PHILEO DAMANSARA,PUSAT BANDAR DAMANSARA
KG13,KG14,PUSAT BANDAR DAMANSARA,SEMANTAN
KG14,KG15,SEMANTAN,MUZIUM NEGARA
KG15,KG16,MUZIUM NEGARA,PASAR SENI
KG16,KG17,PASAR SENI,MERDEKA
KG17,KG18A,MERDEKA,BUKIT BINTANG 
KG18A,KG20,BUKIT BINTANG ,TUN RAZAK EXCHANGE
KG20,KG21,TUN RAZAK EXCHANGE,COCHRANE
KG21,KG22,COCHRANE,MALURI
KG22,KG23,MALURI,TAMAN PERTAMA
KG23,KG24,TAMAN PERTAMA,TAMAN MIDAH
KG24,KG25,TAMAN MIDAH,TAMAN MUTIARA
KG25,KG26,TAMAN MUTIARA,TAMAN CONNAUGHT
KG26,KG27,TAMAN CONNAUGHT,TAMAN SUNTEX
KG27,KG28,TAMAN SUNTEX,SRI RAYA
KG28,KG29,SRI RAYA,BANDAR TUN HUSSIEN ONN
KG29,KG30,BANDAR TUN HUSSIEN ONN,BATU 11 CHERAS
KG30,KG31,BATU 11 CHERAS,BUKIT DUKUNG
KG31,KG33,BUKIT DUKUNG,SUNGAI JERNIH
KG33,KG34,SUNGAI JERNIH,STADIUM KAJANG
KG34,KG35,STADIUM KAJANG,KAJANG
KG35,KG34,KAJANG,STADIUM KAJANG
KG34,KG33,STADIUM KAJANG,SUNGAI JERNIH
KG33,KG31,SUNGAI JERNIH,BUKIT DUKUNG
KG31,KG30,BUKIT DUKUNG,BATU 11 CHERAS
KG30,KG29,BATU 11 CHERAS,BANDAR TUN HUSSIEN ONN
KG29,KG28,BANDAR TUN HUSSIEN ONN,SRI RAYA
KG28,KG27,SRI RAYA,TAMAN SUNTEX
KG27,KG26,TAMAN SUNTEX,TAMAN CONNAUGHT
KG26,KG25,TAMAN CONNAUGHT,TAMAN MUTIARA
KG25,KG24,TAMAN MUTIARA,TAMAN MIDAH
KG24,KG23,TAMAN MIDAH,TAMAN PERTAMA
KG23,KG22,TAMAN PERTAMA,MALURI
KG22,KG21,MALURI,COCHRANE
KG21,KG20,COCHRANE,TUN RAZAK EXCHANGE
KG20,KG18A,TUN RAZAK EXCHANGE,BUKIT BINTANG 
KG18A,KG17,BUKIT BINTANG ,MERDEKA
KG17,KG16,MERDEKA,PASAR SENI
KG16,KG15,PASAR SENI,MUZIUM NEGARA
KG15,KG14,MUZIUM NEGARA,SEMANTAN
KG14,KG13,SEMANTAN,PUSAT BANDAR DAMANSARA
KG13,KG12,PUSAT BANDAR DAMANSARA,PHILEO DAMANSARA
KG12,KG10,PHILEO DAMANSARA,TAMAN TUN DR ISMAIL
KG10,KG09,TAMAN TUN DR ISMAIL,BANDAR UTAMA
KG09,KG08,BANDAR UTAMA,MUTIARA DAMANSARA
KG08,KG07,MUTIARA DAMANSARA,SURIAN
KG07,KG06,SURIAN,KOTA DAMANSARA
KG06,KG05,KOTA DAMANSARA,KWASA SENTRAL
KG05,KG04,KWASA SENTRAL,KWASA DAMANSARA
KJ37,KJ36,PUTRA HEIGHTS,SUBANG ALAM
KJ36,KJ35,SUBANG ALAM,ALAM MEGAH
KJ35,KJ34,ALAM MEGAH,USJ 21
KJ34,KJ33,USJ 21,WAWASAN
KJ33,KJ32,WAWASAN,TAIPAN
KJ32,KJ31,TAIPAN,USJ 7
KJ31,KJ30,USJ 7,SS 18
KJ30,KJ29,SS 18,SS 15
KJ29,KJ28,SS 15,SUBANG JAYA
KJ28,KJ27,SUBANG JAYA,CGC GLENMARIE
KJ27,KJ26,CGC GLENMARIE,ARA DAMANSARA
KJ26,KJ25,ARA DAMANSARA,LEMBAH SUBANG
KJ25,KJ24,LEMBAH SUBANG,KELANA JAYA
KJ24,KJ23,KELANA JAYA,TAMAN BAHAGIA
KJ23,KJ22,TAMAN BAHAGIA,TAMAN PARAMOUNT
KJ22,KJ21,TAMAN PARAMOUNT,ASIA JAYA
KJ21,KJ20,ASIA JAYA,TAMAN JAYA
KJ20,KJ19,TAMAN JAYA,UNIVERSITI
KJ19,KJ18,UNIVERSITI,KERINCHI
KJ18,KJ17,KERINCHI,ABDULLAH HUKUM
KJ17,KJ16,ABDULLAH HUKUM,BANK RAKYAT BANGSAR
KJ16,KJ15,BANK RAKYAT BANGSAR,KL SENTRAL
KJ15,KJ14,KL SENTRAL,PASAR SENI
KJ14,KJ13,PASAR SENI,MASJID JAMEK
KJ13,KJ12,MASJID JAMEK,DANG WANGI
KJ12,KJ11,DANG WANGI,KAMPUNG BARU
KJ11,KJ10,KAMPUNG BARU,KLCC
KJ10,KJ9,KLCC,AMPANG PARK
KJ9,KJ8,AMPANG PARK,DAMAI
KJ8,KJ7,DAMAI,DATO' KERAMAT
KJ7,KJ6,DATO' KERAMAT,JELATEK
KJ6,KJ5,JELATEK,SETIAWANGSA
KJ5,KJ4,SETIAWANGSA,SRI RAMPAI
KJ4,KJ3,SRI RAMPAI,WANGSA MAJU
KJ3,KJ2,WANGSA MAJU,TAMAN MELATI
KJ2,KJ1,TAMAN MELATI,GOMBAK
KJ1,KJ2,GOMBAK,TAMAN MELATI
KJ2,KJ3,TAMAN MELATI,WANGSA MAJU
KJ3,KJ4,WANGSA MAJU,SRI RAMPAI
KJ4,KJ5,SRI RAMPAI,SETIAWANGSA
KJ5,KJ6,SETIAWANGSA,JELATEK
KJ6,KJ7,JELATEK,DATO' KERAMAT
KJ7,KJ8,DATO' KERAMAT,DAMAI
KJ8,KJ9,DAMAI,AMPANG PARK
KJ9,KJ10,AMPANG PARK,KLCC
KJ10,KJ11,KLCC,KAMPUNG BARU
KJ11,KJ12,KAMPUNG BARU,DANG WANGI
KJ12,KJ13,DANG WANGI,MASJID JAMEK
KJ13,KJ14,MASJID JAMEK,PASAR SENI
KJ14,KJ15,PASAR SENI,KL SENTRAL
KJ15,KJ16,KL SENTRAL,BANK RAKYAT BANGSAR
KJ16,KJ17,BANK RAKYAT BANGSAR,ABDULLAH HUKUM
KJ17,KJ18,ABDULLAH HUKUM,KERINCHI
KJ18,KJ19,KERINCHI,UNIVERSITI
KJ19,KJ20,UNIVERSITI,TAMAN JAYA
KJ20,KJ21,TAMAN JAYA,ASIA JAYA
KJ21,KJ22,ASIA JAYA,TAMAN PARAMOUNT
KJ22,KJ23,TAMAN PARAMOUNT,TAMAN BAHAGIA
KJ23,KJ24,TAMAN BAHAGIA,KELANA JAYA
KJ24,KJ25,KELANA JAYA,LEMBAH SUBANG
KJ25,KJ26,LEMBAH SUBANG,ARA DAMANSARA
KJ26,KJ27,ARA DAMANSARA,CGC GLENMARIE
KJ27,KJ28,CGC GLENMARIE,SUBANG JAYA
KJ28,KJ29,SUBANG JAYA,SS 15
KJ29,KJ30,SS 15,SS 18
KJ30,KJ31,SS 18,USJ 7
KJ31,KJ32,USJ 7,TAIPAN
KJ32,KJ33,TAIPAN,WAWASAN
KJ33,KJ34,WAWASAN,USJ 21
KJ34,KJ35,USJ 21,ALAM MEGAH
KJ35,KJ36,ALAM MEGAH,SUBANG ALAM
KJ36,KJ37,SUBANG ALAM,PUTRA HEIGHTS
KJ37,KJ36,PUTRA HEIGHTS,SUBANG ALAM
KJ36,KJ35,SUBANG ALAM,ALAM MEGAH
KJ35,KJ34,ALAM MEGAH,USJ 21
KJ34,KJ33,USJ 21,WAWASAN
KJ33,KJ32,WAWASAN,TAIPAN
KJ32,KJ31,TAIPAN,USJ 7
KJ31,KJ30,USJ 7,SS 18
KJ30,KJ29,SS 18,SS 15
KJ29,KJ28,SS 15,SUBANG JAYA
KJ28,KJ27,SUBANG JAYA,CGC GLENMARIE
KJ27,KJ26,CGC GLENMARIE,ARA DAMANSARA
KJ26,KJ25,ARA DAMANSARA,LEMBAH SUBANG
KJ25,KJ24,LEMBAH SUBANG,KELANA JAYA
KJ24,KJ23,KELANA JAYA,TAMAN BAHAGIA
KJ23,KJ22,TAMAN BAHAGIA,TAMAN PARAMOUNT
KJ22,KJ21,TAMAN PARAMOUNT,ASIA JAYA
KJ21,KJ20,ASIA JAYA,TAMAN JAYA
KJ20,KJ19,TAMAN JAYA,UNIVERSITI
KJ19,KJ18,UNIVERSITI,KERINCHI
KJ18,KJ17,KERINCHI,ABDULLAH HUKUM
KJ17,KJ16,ABDULLAH HUKUM,BANK RAKYAT BANGSAR
KJ16,KJ15,BANK RAKYAT BANGSAR,KL SENTRAL
KJ15,KJ14,KL SENTRAL,PASAR SENI
KJ14,KJ13,PASAR SENI,MASJID JAMEK
KJ13,KJ12,MASJID JAMEK,DANG WANGI
KJ12,KJ11,DANG WANGI,KAMPUNG BARU
KJ11,KJ10,KAMPUNG BARU,KLCC
KJ10,KJ9,KLCC,AMPANG PARK
KJ9,KJ8,AMPANG PARK,DAMAI
KJ8,KJ7,DAMAI,DATO' KERAMAT
KJ7,KJ6,DATO' KERAMAT,JELATEK
KJ6,KJ5,JELATEK,SETIAWANGSA
KJ5,KJ4,SETIAWANGSA,SRI RAMPAI
KJ4,KJ3,SRI RAMPAI,WANGSA MAJU
KJ3,KJ2,WANGSA MAJU,TAMAN MELATI
KJ2,KJ1,TAMAN MELATI,GOMBAK
KJ1,KJ2,GOMBAK,TAMAN MELATI
KJ2,KJ3,TAMAN MELATI,WANGSA MAJU
KJ3,KJ4,WANGSA MAJU,SRI RAMPAI
KJ4,KJ5,SRI RAMPAI,SETIAWANGSA
KJ5,KJ6,SETIAWANGSA,JELATEK
KJ6,KJ7,JELATEK,DATO' KERAMAT
KJ7,KJ8,DATO' KERAMAT,DAMAI
KJ8,KJ9,DAMAI,AMPANG PARK
KJ9,KJ10,AMPANG PARK,KLCC
KJ10,KJ11,KLCC,KAMPUNG BARU
KJ11,KJ12,KAMPUNG BARU,DANG WANGI
KJ12,KJ13,DANG WANGI,MASJID JAMEK
KJ13,KJ14,MASJID JAMEK,PASAR SENI
KJ14,KJ15,PASAR SENI,KL SENTRAL
KJ15,KJ16,KL SENTRAL,BANK RAKYAT BANGSAR
KJ16,KJ17,BANK RAKYAT BANGSAR,ABDULLAH HUKUM
KJ17,KJ18,ABDULLAH HUKUM,KERINCHI
KJ18,KJ19,KERINCHI,UNIVERSITI
KJ19,KJ20,UNIVERSITI,TAMAN JAYA
KJ20,KJ21,TAMAN JAYA,ASIA JAYA
KJ21,KJ22,ASIA JAYA,TAMAN PARAMOUNT
KJ22,KJ23,TAMAN PARAMOUNT,TAMAN BAHAGIA
KJ23,KJ24,TAMAN BAHAGIA,KELANA JAYA
KJ24,KJ25,KELANA JAYA,LEMBAH SUBANG
KJ25,KJ26,LEMBAH SUBANG,ARA DAMANSARA
KJ26,KJ27,ARA DAMANSARA,CGC GLENMARIE
KJ27,KJ28,CGC GLENMARIE,SUBANG JAYA
KJ28,KJ29,SUBANG JAYA,SS 15
KJ29,KJ30,SS 15,SS 18
KJ30,KJ31,SS 18,USJ 7
KJ31,KJ32,USJ 7,TAIPAN
KJ32,KJ33,TAIPAN,WAWASAN
KJ33,KJ34,WAWASAN,USJ 21
KJ34,KJ35,USJ 21,ALAM MEGAH
KJ35,KJ36,ALAM MEGAH,SUBANG ALAM
KJ36,KJ37,SUBANG ALAM,PUTRA HEIGHTS
KJ37,KJ36,PUTRA HEIGHTS,SUBANG ALAM
KJ36,KJ35,SUBANG ALAM,ALAM MEGAH
KJ35,KJ34,ALAM MEGAH,USJ 21
KJ34,KJ33,USJ 21,WAWASAN
KJ33,KJ32,WAWASAN,TAIPAN
KJ32,KJ31,TAIPAN,USJ 7
KJ31,KJ30,USJ 7,SS 18
KJ30,KJ29,SS 18,SS 15
KJ29,KJ28,SS 15,SUBANG JAYA
KJ28,KJ27,SUBANG JAYA,CGC GLENMARIE
KJ27,KJ26,CGC GLENMARIE,ARA DAMANSARA
KJ26,KJ25,ARA DAMANSARA,LEMBAH SUBANG
KJ25,KJ24,LEMBAH SUBANG,KELANA JAYA
KJ24,KJ23,KELANA JAYA,TAMAN BAHAGIA
KJ23,KJ22,TAMAN BAHAGIA,TAMAN PARAMOUNT
KJ22,KJ21,TAMAN PARAMOUNT,ASIA JAYA
KJ21,KJ20,ASIA JAYA,TAMAN JAYA
KJ20,KJ19,TAMAN JAYA,UNIVERSITI
KJ19,KJ18,UNIVERSITI,KERINCHI
KJ18,KJ17,KERINCHI,ABDULLAH HUKUM
KJ17,KJ16,ABDULLAH HUKUM,BANK RAKYAT BANGSAR
KJ16,KJ15,BANK RAKYAT BANGSAR,KL SENTRAL
KJ15,KJ14,KL SENTRAL,PASAR SENI
KJ14,KJ13,PASAR SENI,MASJID JAMEK
KJ13,KJ12,MASJID JAMEK,DANG WANGI
KJ12,KJ11,DANG WANGI,KAMPUNG BARU
KJ11,KJ10,KAMPUNG BARU,KLCC
KJ10,KJ9,KLCC,AMPANG PARK
KJ9,KJ8,AMPANG PARK,DAMAI
KJ8,KJ7,DAMAI,DATO' KERAMAT
KJ7,KJ6,DATO' KERAMAT,JELATEK
KJ6,KJ5,JELATEK,SETIAWANGSA
KJ5,KJ4,SETIAWANGSA,SRI RAMPAI
KJ4,KJ3,SRI RAMPAI,WANGSA MAJU
KJ3,KJ2,WANGSA MAJU,TAMAN MELATI
KJ2,KJ1,TAMAN MELATI,GOMBAK
KJ1,KJ2,GOMBAK,TAMAN MELATI
KJ2,KJ3,TAMAN MELATI,WANGSA MAJU
KJ3,KJ4,WANGSA MAJU,SRI RAMPAI
KJ4,KJ5,SRI RAMPAI,SETIAWANGSA
KJ5,KJ6,SETIAWANGSA,JELATEK
KJ6,KJ7,JELATEK,DATO' KERAMAT
KJ7,KJ8,DATO' KERAMAT,DAMAI
KJ8,KJ9,DAMAI,AMPANG PARK
KJ9,KJ10,AMPANG PARK,KLCC
KJ10,KJ11,KLCC,KAMPUNG BARU
KJ11,KJ12,KAMPUNG BARU,DANG WANGI
KJ12,KJ13,DANG WANGI,MASJID JAMEK
KJ13,KJ14,MASJID JAMEK,PASAR SENI
KJ14,KJ15,PASAR SENI,KL SENTRAL
KJ15,KJ16,KL SENTRAL,BANK RAKYAT BANGSAR
KJ16,KJ17,BANK RAKYAT BANGSAR,ABDULLAH HUKUM
KJ17,KJ18,ABDULLAH HUKUM,KERINCHI
KJ18,KJ19,KERINCHI,UNIVERSITI
KJ19,KJ20,UNIVERSITI,TAMAN JAYA
KJ20,KJ21,TAMAN JAYA,ASIA JAYA
KJ21,KJ22,ASIA JAYA,TAMAN PARAMOUNT
KJ22,KJ23,TAMAN PARAMOUNT,TAMAN BAHAGIA
KJ23,KJ24,TAMAN BAHAGIA,KELANA JAYA
KJ24,KJ25,KELANA JAYA,LEMBAH SUBANG
KJ25,KJ26,LEMBAH SUBANG,ARA DAMANSARA
KJ26,KJ27,ARA DAMANSARA,CGC GLENMARIE
KJ27,KJ28,CGC GLENMARIE,SUBANG JAYA
KJ28,KJ29,SUBANG JAYA,SS 15
KJ29,KJ30,SS 15,SS 18
KJ30,KJ31,SS 18,USJ 7
KJ31,KJ32,USJ 7,TAIPAN
KJ32,KJ33,TAIPAN,WAWASAN
KJ33,KJ34,WAWASAN,USJ 21
KJ34,KJ35,USJ 21,ALAM MEGAH
KJ35,KJ36,ALAM MEGAH,SUBANG ALAM
KJ36,KJ37,SUBANG ALAM,PUTRA HEIGHTS
MR1,MR2,KL SENTRAL,TUN SAMBANTHAN
MR2,MR3,TUN SAMBANTHAN,MAHARAJALELA
MR3,MR4,MAHARAJALELA,HANG TUAH
MR4,MR5,HANG TUAH,IMBI
MR5,MR6,IMBI,BUKIT BINTANG 
MR6,MR7,BUKIT BINTANG ,RAJA CHULAN
MR7,MR8,RAJA CHULAN,BUKIT NANAS
MR8,MR9,BUKIT NANAS,MEDAN TUANKU
MR9,MR10,MEDAN TUANKU,CHOW KIT
MR10,MR11,CHOW KIT,TITIWANGSA
MR11,MR10,TITIWANGSA,CHOW KIT
MR10,MR9,CHOW KIT,MEDAN TUANKU
MR9,MR8,MEDAN TUANKU,BUKIT NANAS
MR8,MR7,BUKIT NANAS,RAJA CHULAN
MR7,MR6,RAJA CHULAN,BUKIT BINTANG 
MR6,MR5,BUKIT BINTANG ,IMBI
MR5,MR4,IMBI,HANG TUAH
MR4,MR3,HANG TUAH,MAHARAJALELA
MR3,MR2,MAHARAJALELA,TUN SAMBANTHAN
MR2,MR1,TUN SAMBANTHAN,KL SENTRAL
MR1,MR2,KL SENTRAL,TUN SAMBANTHAN
MR2,MR3,TUN SAMBANTHAN,MAHARAJALELA
MR3,MR4,MAHARAJALELA,HANG TUAH
MR4,MR5,HANG TUAH,IMBI
MR5,MR6,IMBI,BUKIT BINTANG 
MR6,MR7,BUKIT BINTANG ,RAJA CHULAN
MR7,MR8,RAJA CHULAN,BUKIT NANAS
MR8,MR9,BUKIT NANAS,MEDAN TUANKU
MR9,MR10,MEDAN TUANKU,CHOW KIT
MR10,MR11,CHOW KIT,TITIWANGSA
MR11,MR10,TITIWANGSA,CHOW KIT
MR10,MR9,CHOW KIT,MEDAN TUANKU
MR9,MR8,MEDAN TUANKU,BUKIT NANAS
MR8,MR7,BUKIT NANAS,RAJA CHULAN
MR7,MR6,RAJA CHULAN,BUKIT BINTANG 
MR6,MR5,BUKIT BINTANG ,IMBI
MR5,MR4,IMBI,HANG TUAH
MR4,MR3,HANG TUAH,MAHARAJALELA
MR3,MR2,MAHARAJALELA,TUN SAMBANTHAN
MR2,MR1,TUN SAMBANTHAN,KL SENTRAL
MR1,MR2,KL SENTRAL,TUN SAMBANTHAN
MR2,MR3,TUN SAMBANTHAN,MAHARAJALELA
MR3,MR4,MAHARAJALELA,HANG TUAH
MR4,MR5,HANG TUAH,IMBI
MR5,MR6,IMBI,BUKIT BINTANG 
MR6,MR7,BUKIT BINTANG ,RAJA CHULAN
MR7,MR8,RAJA CHULAN,BUKIT NANAS
MR8,MR9,BUKIT NANAS,MEDAN TUANKU
MR9,MR10,MEDAN TUANKU,CHOW KIT
MR10,MR11,CHOW KIT,TITIWANGSA
MR11,MR10,TITIWANGSA,CHOW KIT
MR10,MR9,CHOW KIT,MEDAN TUANKU
MR9,MR8,MEDAN TUANKU,BUKIT NANAS
MR8,MR7,BUKIT NANAS,RAJA CHULAN
MR7,MR6,RAJA CHULAN,BUKIT BINTANG 
MR6,MR5,BUKIT BINTANG ,IMBI
MR5,MR4,IMBI,HANG TUAH
MR4,MR3,HANG TUAH,MAHARAJALELA
MR3,MR2,MAHARAJALELA,TUN SAMBANTHAN
MR2,MR1,TUN SAMBANTHAN,KL SENTRAL
PY01,PY03,KWASA DAMANSARA,KAMPUNG SELAMAT
PY03,PY04,KAMPUNG SELAMAT,SUNGAI BULOH
PY04,PY05,SUNGAI BULOH,DAMANSARA DAMAI
PY05,PY06,DAMANSARA DAMAI,SRI DAMANSARA BARAT
PY06,PY07,SRI DAMANSARA BARAT,SRI DAMANSARA SENTRAL
PY07,PY08,SRI DAMANSARA SENTRAL,SRI DAMANSARA TIMUR
PY08,PY09,SRI DAMANSARA TIMUR,METRO PRIMA
PY09,PY10,METRO PRIMA,KEPONG BARU
PY10,PY11,KEPONG BARU,JINJANG
PY11,PY12,JINJANG,SRI DELIMA
PY12,PY13,SRI DELIMA,KAMPUNG BATU
PY13,PY14,KAMPUNG BATU,KENTOMEN
PY14,PY15,KENTOMEN,JALAN IPOH
PY15,PY16,JALAN IPOH,SENTUL BARAT
PY16,PY17,SENTUL BARAT,TITIWANGSA
PY17,PY18,TITIWANGSA,HOSPITAL KUALA LUMPUR
PY18,PY19,HOSPITAL KUALA LUMPUR,RAJA UDA
PY19,PY20,RAJA UDA,AMPANG PARK
PY20,PY21,AMPANG PARK,PERSIARAN KLCC
PY21,PY22,PERSIARAN KLCC,CONLAY
PY22,PY23,CONLAY,TUN RAZAK EXCHANGE
PY23,PY24,TUN RAZAK EXCHANGE,CHAN SOW LIN
PY24,PY27,CHAN SOW LIN,KUCHAI
PY27,PY28,KUCHAI,TAMAN NAGA EMAS
PY28,PY29,TAMAN NAGA EMAS,SUNGAI BESI
PY29,PY31,SUNGAI BESI,SERDANG RAYA UTARA
PY31,PY32,SERDANG RAYA UTARA,SERDANG RAYA SELATAN
PY32,PY33,SERDANG RAYA SELATAN,SERDANG JAYA
PY33,PY34,SERDANG JAYA,UPM
PY34,PY36,UPM,TAMAN EQUINE
PY36,PY37,TAMAN EQUINE,PUTRA PERMAI
PY37,PY38,PUTRA PERMAI,16 SIERRA
PY38,PY39,16 SIERRA,CYBERJAYA UTARA
PY39,PY40,CYBERJAYA UTARA,CYBERJAYA CITY CENTRE
PY40,PY41,CYBERJAYA CITY CENTRE,PUTRAJAYA SENTRAL
PY41,PY40,PUTRAJAYA SENTRAL,CYBERJAYA CITY CENTRE
PY40,PY39,CYBERJAYA CITY CENTRE,CYBERJAYA UTARA
PY39,PY38,CYBERJAYA UTARA,16 SIERRA
PY38,PY37,16 SIERRA,PUTRA PERMAI
PY37,PY36,PUTRA PERMAI,TAMAN EQUINE
PY36,PY34,TAMAN EQUINE,UPM
PY34,PY33,UPM,SERDANG JAYA
PY33,PY32,SERDANG JAYA,SERDANG RAYA SELATAN
PY32,PY31,SERDANG RAYA SELATAN,SERDANG RAYA UTARA
PY31,PY29,SERDANG RAYA UTARA,SUNGAI BESI
PY29,PY28,SUNGAI BESI,TAMAN NAGA EMAS
PY28,PY27,TAMAN NAGA EMAS,KUCHAI
PY27,PY24,KUCHAI,CHAN SOW LIN
PY24,PY23,CHAN SOW LIN,TUN RAZAK EXCHANGE
PY23,PY22,TUN RAZAK EXCHANGE,CONLAY
PY22,PY21,CONLAY,PERSIARAN KLCC
PY21,PY20,PERSIARAN KLCC,AMPANG PARK
PY20,PY19,AMPANG PARK,RAJA UDA
PY19,PY18,RAJA UDA,HOSPITAL KUALA LUMPUR
PY18,PY17,HOSPITAL KUALA LUMPUR,TITIWANGSA
PY17,PY16,TITIWANGSA,SENTUL BARAT
PY16,PY15,SENTUL BARAT,JALAN IPOH
PY15,PY14,JALAN IPOH,KENTOMEN
PY14,PY13,KENTOMEN,KAMPUNG BATU
PY13,PY12,KAMPUNG BATU,SRI DELIMA
PY12,PY11,SRI DELIMA,JINJANG
PY11,PY10,JINJANG,KEPONG BARU
PY10,PY09,KEPONG BARU,METRO PRIMA
PY09,PY08,METRO PRIMA,SRI DAMANSARA TIMUR
PY08,PY07,SRI DAMANSARA TIMUR,SRI DAMANSARA SENTRAL
PY07,PY06,SRI DAMANSARA SENTRAL,SRI DAMANSARA BARAT
PY06,PY05,SRI DAMANSARA BARAT,DAMANSARA DAMAI
PY05,PY04,DAMANSARA DAMAI,SUNGAI BULOH
PY04,PY03,SUNGAI BULOH,KAMPUNG SELAMAT
PY03,PY01,KAMPUNG SELAMAT,KWASA DAMANSARA
PY01,PY03,KWASA DAMANSARA,KAMPUNG SELAMAT
PY03,PY04,KAMPUNG SELAMAT,SUNGAI BULOH
PY04,PY05,SUNGAI BULOH,DAMANSARA DAMAI
PY05,PY06,DAMANSARA DAMAI,SRI DAMANSARA BARAT
PY06,PY07,SRI DAMANSARA BARAT,SRI DAMANSARA SENTRAL
PY07,PY08,SRI DAMANSARA SENTRAL,SRI DAMANSARA TIMUR
PY08,PY09,SRI DAMANSARA TIMUR,METRO PRIMA
PY09,PY10,METRO PRIMA,KEPONG BARU
PY10,PY11,KEPONG BARU,JINJANG
PY11,PY12,JINJANG,SRI DELIMA
PY12,PY13,SRI DELIMA,KAMPUNG BATU
PY13,PY14,KAMPUNG BATU,KENTOMEN
PY14,PY15,KENTOMEN,JALAN IPOH
PY15,PY16,JALAN IPOH,SENTUL BARAT
PY16,PY17,SENTUL BARAT,TITIWANGSA
PY17,PY18,TITIWANGSA,HOSPITAL KUALA LUMPUR
PY18,PY19,HOSPITAL KUALA LUMPUR,RAJA UDA
PY19,PY20,RAJA UDA,AMPANG PARK
PY20,PY21,AMPANG PARK,PERSIARAN KLCC
PY21,PY22,PERSIARAN KLCC,CONLAY
PY22,PY23,CONLAY,TUN RAZAK EXCHANGE
PY23,PY24,TUN RAZAK EXCHANGE,CHAN SOW LIN
PY24,PY27,CHAN SOW LIN,KUCHAI
PY27,PY28,KUCHAI,TAMAN NAGA EMAS
PY28,PY29,TAMAN NAGA EMAS,SUNGAI BESI
PY29,PY31,SUNGAI BESI,SERDANG RAYA UTARA
PY31,PY32,SERDANG RAYA UTARA,SERDANG RAYA SELATAN
PY32,PY33,SERDANG RAYA SELATAN,SERDANG JAYA
PY33,PY34,SERDANG JAYA,UPM
PY34,PY36,UPM,TAMAN EQUINE
PY36,PY37,TAMAN EQUINE,PUTRA PERMAI
PY37,PY38,PUTRA PERMAI,16 SIERRA
PY38,PY39,16 SIERRA,CYBERJAYA UTARA
PY39,PY40,CYBERJAYA UTARA,CYBERJAYA CITY CENTRE
PY40,PY41,CYBERJAYA CITY CENTRE,PUTRAJAYA SENTRAL
PY41,PY40,PUTRAJAYA SENTRAL,CYBERJAYA CITY CENTRE
PY40,PY39,CYBERJAYA CITY CENTRE,CYBERJAYA UTARA
PY39,PY38,CYBERJAYA UTARA,16 SIERRA
PY38,PY37,16 SIERRA,PUTRA PERMAI
PY37,PY36,PUTRA PERMAI,TAMAN EQUINE
PY36,PY34,TAMAN EQUINE,UPM
PY34,PY33,UPM,SERDANG JAYA
PY33,PY32,SERDANG JAYA,SERDANG RAYA SELATAN
PY32,PY31,SERDANG RAYA SELATAN,SERDANG RAYA UTARA
PY31,PY29,SERDANG RAYA UTARA,SUNGAI BESI
PY29,PY28,SUNGAI BESI,TAMAN NAGA EMAS
PY28,PY27,TAMAN NAGA EMAS,KUCHAI
PY27,PY24,KUCHAI,CHAN SOW LIN
PY24,PY23,CHAN SOW LIN,TUN RAZAK EXCHANGE
PY23,PY22,TUN RAZAK EXCHANGE,CONLAY
PY22,PY21,CONLAY,PERSIARAN KLCC
PY21,PY20,PERSIARAN KLCC,AMPANG PARK
PY20,PY19,AMPANG PARK,RAJA UDA
PY19,PY18,RAJA UDA,HOSPITAL KUALA LUMPUR
PY18,PY17,HOSPITAL KUALA LUMPUR,TITIWANGSA
PY17,PY16,TITIWANGSA,SENTUL BARAT
PY16,PY15,SENTUL BARAT,JALAN IPOH
PY15,PY14,JALAN IPOH,KENTOMEN
PY14,PY13,KENTOMEN,KAMPUNG BATU
PY13,PY12,KAMPUNG BATU,SRI DELIMA
PY12,PY11,SRI DELIMA,JINJANG
PY11,PY10,JINJANG,KEPONG BARU
PY10,PY09,KEPONG BARU,METRO PRIMA
PY09,PY08,METRO PRIMA,SRI DAMANSARA TIMUR
PY08,PY07,SRI DAMANSARA TIMUR,SRI DAMANSARA SENTRAL
PY07,PY06,SRI DAMANSARA SENTRAL,SRI DAMANSARA BARAT
PY06,PY05,SRI DAMANSARA BARAT,DAMANSARA DAMAI
PY05,PY04,DAMANSARA DAMAI,SUNGAI BULOH
PY04,PY03,SUNGAI BULOH,KAMPUNG SELAMAT
PY03,PY01,KAMPUNG SELAMAT,KWASA DAMANSARA
PY01,PY03,KWASA DAMANSARA,KAMPUNG SELAMAT
PY03,PY04,KAMPUNG SELAMAT,SUNGAI BULOH
PY04,PY05,SUNGAI BULOH,DAMANSARA DAMAI
PY05,PY06,DAMANSARA DAMAI,SRI DAMANSARA BARAT
PY06,PY07,SRI DAMANSARA BARAT,SRI DAMANSARA SENTRAL
PY07,PY08,SRI DAMANSARA SENTRAL,SRI DAMANSARA TIMUR
PY08,PY09,SRI DAMANSARA TIMUR,METRO PRIMA
PY09,PY10,METRO PRIMA,KEPONG BARU
PY10,PY11,KEPONG BARU,JINJANG
PY11,PY12,JINJANG,SRI DELIMA
PY12,PY13,SRI DELIMA,KAMPUNG BATU
PY13,PY14,KAMPUNG BATU,KENTOMEN
PY14,PY15,KENTOMEN,JALAN IPOH
PY15,PY16,JALAN IPOH,SENTUL BARAT
PY16,PY17,SENTUL BARAT,TITIWANGSA
PY17,PY18,TITIWANGSA,HOSPITAL KUALA LUMPUR
PY18,PY19,HOSPITAL KUALA LUMPUR,RAJA UDA
PY19,PY20,RAJA UDA,AMPANG PARK
PY20,PY21,AMPANG PARK,PERSIARAN KLCC
PY21,PY22,PERSIARAN KLCC,CONLAY
PY22,PY23,CONLAY,TUN RAZAK EXCHANGE
PY23,PY24,TUN RAZAK EXCHANGE,CHAN SOW LIN
PY24,PY27,CHAN SOW LIN,KUCHAI
PY27,PY28,KUCHAI,TAMAN NAGA EMAS
PY28,PY29,TAMAN NAGA EMAS,SUNGAI BESI
PY29,PY31,SUNGAI BESI,SERDANG RAYA UTARA
PY31,PY32,SERDANG RAYA UTARA,SERDANG RAYA SELATAN
PY32,PY33,SERDANG RAYA SELATAN,SERDANG JAYA
PY33,PY34,SERDANG JAYA,UPM
PY34,PY36,UPM,TAMAN EQUINE
PY36,PY37,TAMAN EQUINE,PUTRA PERMAI
PY37,PY38,PUTRA PERMAI,16 SIERRA
PY38,PY39,16 SIERRA,CYBERJAYA UTARA
PY39,PY40,CYBERJAYA UTARA,CYBERJAYA CITY CENTRE
PY40,PY41,CYBERJAYA CITY CENTRE,PUTRAJAYA SENTRAL
PY41,PY40,PUTRAJAYA SENTRAL,CYBERJAYA CITY CENTRE
PY40,PY39,CYBERJAYA CITY CENTRE,CYBERJAYA UTARA
PY39,PY38,CYBERJAYA UTARA,16 SIERRA
PY38,PY37,16 SIERRA,PUTRA PERMAI
PY37,PY36,PUTRA PERMAI,TAMAN EQUINE
PY36,PY34,TAMAN EQUINE,UPM
PY34,PY33,UPM,SERDANG JAYA
PY33,PY32,SERDANG JAYA,SERDANG RAYA SELATAN
PY32,PY31,SERDANG RAYA SELATAN,SERDANG RAYA UTARA
PY31,PY29,SERDANG RAYA UTARA,SUNGAI BESI
PY29,PY28,SUNGAI BESI,TAMAN NAGA EMAS
PY28,PY27,TAMAN NAGA EMAS,KUCHAI
PY27,PY24,KUCHAI,CHAN SOW LIN
PY24,PY23,CHAN SOW LIN,TUN RAZAK EXCHANGE
PY23,PY22,TUN RAZAK EXCHANGE,CONLAY
PY22,PY21,CONLAY,PERSIARAN KLCC
PY21,PY20,PERSIARAN KLCC,AMPANG PARK
PY20,PY19,AMPANG PARK,RAJA UDA
PY19,PY18,RAJA UDA,HOSPITAL KUALA LUMPUR
PY18,PY17,HOSPITAL KUALA LUMPUR,TITIWANGSA
PY17,PY16,TITIWANGSA,SENTUL BARAT
PY16,PY15,SENTUL BARAT,JALAN IPOH
PY15,PY14,JALAN IPOH,KENTOMEN
PY14,PY13,KENTOMEN,KAMPUNG BATU
PY13,PY12,KAMPUNG BATU,SRI DELIMA
PY12,PY11,SRI DELIMA,JINJANG
PY11,PY10,JINJANG,KEPONG BARU
PY10,PY09,KEPONG BARU,METRO PRIMA
PY09,PY08,METRO PRIMA,SRI DAMANSARA TIMUR
PY08,PY07,SRI DAMANSARA TIMUR,SRI DAMANSARA SENTRAL
PY07,PY06,SRI DAMANSARA SENTRAL,SRI DAMANSARA BARAT
PY06,PY05,SRI DAMANSARA BARAT,DAMANSARA DAMAI
PY05,PY04,DAMANSARA DAMAI,SUNGAI BULOH
PY04,PY03,SUNGAI BULOH,KAMPUNG SELAMAT
PY03,PY01,KAMPUNG SELAMAT,KWASA DAMANSARA
SP31,SP29,PUTRA HEIGHTS,PUCHONG PRIMA
SP29,SP28,PUCHONG PRIMA,PUCHONG PERDANA
SP28,SP27,PUCHONG PERDANA,BANDAR PUTERI
SP27,SP26,BANDAR PUTERI,TAMAN PERINDUSTRIAN PUCHONG
SP26,SP25,TAMAN PERINDUSTRIAN PUCHONG,PUSAT BANDAR PUCHONG
SP25,SP24,PUSAT BANDAR PUCHONG,IOI PUCHONG JAYA
SP24,SP22,IOI PUCHONG JAYA,KINRARA
SP22,SP21,KINRARA,ALAM SUTERA
SP21,SP20,ALAM SUTERA,MUHIBBAH
SP20,SP19,MUHIBBAH,AWAN BESAR
SP19,SP18,AWAN BESAR,SRI PETALING
SP18,SP17,SRI PETALING,BUKIT JALIL
SP17,SP16,BUKIT JALIL,SUNGAI BESI
SP16,SP15,SUNGAI BESI,BANDAR TASIK SELATAN
SP15,SP14,BANDAR TASIK SELATAN,BANDAR TUN RAZAK
SP14,SP13,BANDAR TUN RAZAK,SALAK SELATAN
SP13,SP12,SALAK SELATAN,CHERAS
SP12,SP11,CHERAS,CHAN SOW LIN
SP11,SP10,CHAN SOW LIN,PUDU
SP10,SP9,PUDU,HANG TUAH
SP9,SP8,HANG TUAH,PLAZA RAKYAT
SP8,SP7,PLAZA RAKYAT,MASJID JAMEK
SP7,SP6,MASJID JAMEK,BANDARAYA
SP6,SP5,BANDARAYA,SULTAN ISMAIL
SP5,SP4,SULTAN ISMAIL,PWTC
SP4,SP3,PWTC,TITIWANGSA
SP3,SP2,TITIWANGSA,SENTUL
SP2,SP1,SENTUL,SENTUL TIMUR
SP1,SP2,SENTUL TIMUR,SENTUL
SP2,SP3,SENTUL,TITIWANGSA
SP3,SP4,TITIWANGSA,PWTC
SP4,SP5,PWTC,SULTAN ISMAIL
SP5,SP6,SULTAN ISMAIL,BANDARAYA
SP6,SP7,BANDARAYA,MASJID JAMEK
SP7,SP8,MASJID JAMEK,PLAZA RAKYAT
SP8,SP9,PLAZA RAKYAT,HANG TUAH
SP9,SP10,HANG TUAH,PUDU
SP10,SP11,PUDU,CHAN SOW LIN
SP11,SP12,CHAN SOW LIN,CHERAS
SP12,SP13,CHERAS,SALAK SELATAN
SP13,SP14,SALAK SELATAN,BANDAR TUN RAZAK
SP14,SP15,BANDAR TUN RAZAK,BANDAR TASIK SELATAN
SP15,SP16,BANDAR TASIK SELATAN,SUNGAI BESI
SP16,SP17,SUNGAI BESI,BUKIT JALIL
SP17,SP18,BUKIT JALIL,SRI PETALING
SP18,SP19,SRI PETALING,AWAN BESAR
SP19,SP20,AWAN BESAR,MUHIBBAH
SP20,SP21,MUHIBBAH,ALAM SUTERA
SP21,SP22,ALAM SUTERA,KINRARA
SP22,SP24,KINRARA,IOI PUCHONG JAYA
SP24,SP25,IOI PUCHONG JAYA,PUSAT BANDAR PUCHONG
SP25,SP26,PUSAT BANDAR PUCHONG,TAMAN PERINDUSTRIAN PUCHONG
SP26,SP27,TAMAN PERINDUSTRIAN PUCHONG,BANDAR PUTERI
SP27,SP28,BANDAR PUTERI,PUCHONG PERDANA
SP28,SP29,PUCHONG PERDANA,PUCHONG PRIMA
SP29,SP31,PUCHONG PRIMA,PUTRA HEIGHTS
SP31,SP29,PUTRA HEIGHTS,PUCHONG PRIMA
SP29,SP28,PUCHONG PRIMA,PUCHONG PERDANA
SP28,SP27,PUCHONG PERDANA,BANDAR PUTERI
SP27,SP26,BANDAR PUTERI,TAMAN PERINDUSTRIAN PUCHONG
SP26,SP25,TAMAN PERINDUSTRIAN PUCHONG,PUSAT BANDAR PUCHONG
SP25,SP24,PUSAT BANDAR PUCHONG,IOI PUCHONG JAYA
SP24,SP22,IOI PUCHONG JAYA,KINRARA
SP22,SP21,KINRARA,ALAM SUTERA
SP21,SP20,ALAM SUTERA,MUHIBBAH
SP20,SP19,MUHIBBAH,AWAN BESAR
SP19,SP18,AWAN BESAR,SRI PETALING
SP18,SP17,SRI PETALING,BUKIT JALIL
SP17,SP16,BUKIT JALIL,SUNGAI BESI
SP16,SP15,SUNGAI BESI,BANDAR TASIK SELATAN
SP15,SP14,BANDAR TASIK SELATAN,BANDAR TUN RAZAK
SP14,SP13,BANDAR TUN RAZAK,SALAK SELATAN
SP13,SP12,SALAK SELATAN,CHERAS
SP12,SP11,CHERAS,CHAN SOW LIN
SP11,SP10,CHAN SOW LIN,PUDU
SP10,SP9,PUDU,HANG TUAH
SP9,SP8,HANG TUAH,PLAZA RAKYAT
SP8,SP7,PLAZA RAKYAT,MASJID JAMEK
SP7,SP6,MASJID JAMEK,BANDARAYA
SP6,SP5,BANDARAYA,SULTAN ISMAIL
SP5,SP4,SULTAN ISMAIL,PWTC
SP4,SP3,PWTC,TITIWANGSA
SP3,SP2,TITIWANGSA,SENTUL
SP2,SP1,SENTUL,SENTUL TIMUR
SP1,SP2,SENTUL TIMUR,SENTUL
SP2,SP3,SENTUL,TITIWANGSA
SP3,SP4,TITIWANGSA,PWTC
SP4,SP5,PWTC,SULTAN ISMAIL
SP5,SP6,SULTAN ISMAIL,BANDARAYA
SP6,SP7,BANDARAYA,MASJID JAMEK
SP7,SP8,MASJID JAMEK,PLAZA RAKYAT
SP8,SP9,PLAZA RAKYAT,HANG TUAH
SP9,SP10,HANG TUAH,PUDU
SP10,SP11,PUDU,CHAN SOW LIN
SP11,SP12,CHAN SOW LIN,CHERAS
SP12,SP13,CHERAS,SALAK SELATAN
SP13,SP14,SALAK SELATAN,BANDAR TUN RAZAK
SP14,SP15,BANDAR TUN RAZAK,BANDAR TASIK SELATAN
SP15,SP16,BANDAR TASIK SELATAN,SUNGAI BESI
SP16,SP17,SUNGAI BESI,BUKIT JALIL
SP17,SP18,BUKIT JALIL,SRI PETALING
SP18,SP19,SRI PETALING,AWAN BESAR
SP19,SP20,AWAN BESAR,MUHIBBAH
SP20,SP21,MUHIBBAH,ALAM SUTERA
SP21,SP22,ALAM SUTERA,KINRARA
SP22,SP24,KINRARA,IOI PUCHONG JAYA
SP24,SP25,IOI PUCHONG JAYA,PUSAT BANDAR PUCHONG
SP25,SP26,PUSAT BANDAR PUCHONG,TAMAN PERINDUSTRIAN PUCHONG
SP26,SP27,TAMAN PERINDUSTRIAN PUCHONG,BANDAR PUTERI
SP27,SP28,BANDAR PUTERI,PUCHONG PERDANA
SP28,SP29,PUCHONG PERDANA,PUCHONG PRIMA
SP29,SP31,PUCHONG PRIMA,PUTRA HEIGHTS
SP31,SP29,PUTRA HEIGHTS,PUCHONG PRIMA
SP29,SP28,PUCHONG PRIMA,PUCHONG PERDANA
SP28,SP27,PUCHONG PERDANA,BANDAR PUTERI
SP27,SP26,BANDAR PUTERI,TAMAN PERINDUSTRIAN PUCHONG
SP26,SP25,TAMAN PERINDUSTRIAN PUCHONG,PUSAT BANDAR PUCHONG
SP25,SP24,PUSAT BANDAR PUCHONG,IOI PUCHONG JAYA
SP24,SP22,IOI PUCHONG JAYA,KINRARA
SP22,SP21,KINRARA,ALAM SUTERA
SP21,SP20,ALAM SUTERA,MUHIBBAH
SP20,SP19,MUHIBBAH,AWAN BESAR
SP19,SP18,AWAN BESAR,SRI PETALING
SP18,SP17,SRI PETALING,BUKIT JALIL
SP17,SP16,BUKIT JALIL,SUNGAI BESI
SP16,SP15,SUNGAI BESI,BANDAR TASIK SELATAN
SP15,SP14,BANDAR TASIK SELATAN,BANDAR TUN RAZAK
SP14,SP13,BANDAR TUN RAZAK,SALAK SELATAN
SP13,SP12,SALAK SELATAN,CHERAS
SP12,SP11,CHERAS,CHAN SOW LIN
SP11,SP10,CHAN SOW LIN,PUDU
SP10,SP9,PUDU,HANG TUAH
SP9,SP8,HANG TUAH,PLAZA RAKYAT
SP8,SP7,PLAZA RAKYAT,MASJID JAMEK
SP7,SP6,MASJID JAMEK,BANDARAYA
SP6,SP5,BANDARAYA,SULTAN ISMAIL
SP5,SP4,SULTAN ISMAIL,PWTC
SP4,SP3,PWTC,TITIWANGSA
SP3,SP2,TITIWANGSA,SENTUL
SP2,SP1,SENTUL,SENTUL TIMUR
SP1,SP2,SENTUL TIMUR,SENTUL
SP2,SP3,SENTUL,TITIWANGSA
SP3,SP4,TITIWANGSA,PWTC
SP4,SP5,PWTC,SULTAN ISMAIL
SP5,SP6,SULTAN ISMAIL,BANDARAYA
SP6,SP7,BANDARAYA,MASJID JAMEK
SP7,SP8,MASJID JAMEK,PLAZA RAKYAT
SP8,SP9,PLAZA RAKYAT,HANG TUAH
SP9,SP10,HANG TUAH,PUDU
SP10,SP11,PUDU,CHAN SOW LIN
SP11,SP12,CHAN SOW LIN,CHERAS
SP12,SP13,CHERAS,SALAK SELATAN
SP13,SP14,SALAK SELATAN,BANDAR TUN RAZAK
SP14,SP15,BANDAR TUN RAZAK,BANDAR TASIK SELATAN
SP15,SP16,BANDAR TASIK SELATAN,SUNGAI BESI
SP16,SP17,SUNGAI BESI,BUKIT JALIL
SP17,SP18,BUKIT JALIL,SRI PETALING
SP18,SP19,SRI PETALING,AWAN BESAR
SP19,SP20,AWAN BESAR,MUHIBBAH
SP20,SP21,MUHIBBAH,ALAM SUTERA
SP21,SP22,ALAM SUTERA,KINRARA
SP22,SP24,KINRARA,IOI PUCHONG JAYA
SP24,SP25,IOI PUCHONG JAYA,PUSAT BANDAR PUCHONG
SP25,SP26,PUSAT BANDAR PUCHONG,TAMAN PERINDUSTRIAN PUCHONG
SP26,SP27,TAMAN PERINDUSTRIAN PUCHONG,BANDAR PUTERI
SP27,SP28,BANDAR PUTERI,PUCHONG PERDANA
SP28,SP29,PUCHONG PERDANA,PUCHONG PRIMA
SP29,SP31,PUCHONG PRIMA,PUTRA HEIGHTS
