stop_name,stop_sequence,headway_secs
AMPANG,1,180
AMPANG,1,300
AMPANG,1,180
AMPANG,1,300
CAHAYA,2,180
CAHAYA,2,300
CAHAYA,2,180
CAHAYA,2,300
CEMPAKA,3,180
CEMPAKA,3,300
CEMPAKA,3,180
CEMPAKA,3,300
PANDAN INDAH,4,180
PANDAN INDAH,4,300
PANDAN INDAH,4,180
PANDAN INDAH,4,300
PANDAN JAYA,5,180
PANDAN JAYA,5,300
PANDAN JAYA,5,180
PANDAN JAYA,5,300
MALURI,6,180
MALURI,6,300
MALURI,6,180
MALURI,6,300
MIHARJA,7,180
MIHARJA,7,300
MIHARJA,7,180
MIHARJA,7,300
CHAN SOW LIN,8,180
CHAN SOW LIN,8,300
CHAN SOW LIN,8,180
CHAN SOW LIN,8,300
PUDU,9,180
PUDU,9,300
PUDU,9,180
PUDU,9,300
HANG TUAH,10,180
HANG TUAH,10,300
HANG TUAH,10,180
HANG TUAH,10,300
PLAZA RAKYAT,11,180
PLAZA RAKYAT,11,300
PLAZA RAKYAT,11,180
PLAZA RAKYAT,11,300
MASJID JAMEK,12,180
MASJID JAMEK,12,300
MASJID JAMEK,12,180
MASJID JAMEK,12,300
BANDARAYA,13,180
BANDARAYA,13,300
BANDARAYA,13,180
BANDARAYA,13,300
SULTAN ISMAIL,14,180
SULTAN ISMAIL,14,300
SULTAN ISMAIL,14,180
SULTAN ISMAIL,14,300
PWTC,15,180
PWTC,15,300
PWTC,15,180
PWTC,15,300
TITIWANGSA,16,180
TITIWANGSA,16,300
TITIWANGSA,16,180
TITIWANGSA,16,300
SENTUL,17,180
SENTUL,17,300
SENTUL,17,180
SENTUL,17,300
SENTUL TIMUR,18,180
SENTUL TIMUR,18,300
SENTUL TIMUR,18,180
SENTUL TIMUR,18,300
AMPANG,1,300
CAHAYA,2,300
CEMPAKA,3,300
PANDAN INDAH,4,300
PANDAN JAYA,5,300
MALURI,6,300
MIHARJA,7,300
CHAN SOW LIN,8,300
PUDU,9,300
HANG TUAH,10,300
PLAZA RAKYAT,11,300
MASJID JAMEK,12,300
BANDARAYA,13,300
SULTAN ISMAIL,14,300
PWTC,15,300
TITIWANGSA,16,300
SENTUL,17,300
SENTUL TIMUR,18,300
AMPANG,1,300
CAHAYA,2,300
CEMPAKA,3,300
PANDAN INDAH,4,300
PANDAN JAYA,5,300
MALURI,6,300
MIHARJA,7,300
CHAN SOW LIN,8,300
PUDU,9,300
HANG TUAH,10,300
PLAZA RAKYAT,11,300
MASJID JAMEK,12,300
BANDARAYA,13,300
SULTAN ISMAIL,14,300
PWTC,15,300
TITIWANGSA,16,300
SENTUL,17,300
SENTUL TIMUR,18,300
SENTUL TIMUR,1,180
SENTUL TIMUR,1,300
SENTUL TIMUR,1,180
SENTUL TIMUR,1,300
SENTUL,2,180
SENTUL,2,300
SENTUL,2,180
SENTUL,2,300
TITIWANGSA,3,180
TITIWANGSA,3,300
TITIWANGSA,3,180
TITIWANGSA,3,300
PWTC,4,180
PWTC,4,300
PWTC,4,180
PWTC,4,300
SULTAN ISMAIL,5,180
SULTAN ISMAIL,5,300
SULTAN ISMAIL,5,180
SULTAN ISMAIL,5,300
BANDARAYA,6,180
BANDARAYA,6,300
BANDARAYA,6,180
BANDARAYA,6,300
MASJID JAMEK,7,180
MASJID JAMEK,7,300
MASJID JAMEK,7,180
MASJID JAMEK,7,300
PLAZA RAKYAT,8,180
PLAZA RAKYAT,8,300
PLAZA RAKYAT,8,180
PLAZA RAKYAT,8,300
HANG TUAH,9,180
HANG TUAH,9,300
HANG TUAH,9,180
HANG TUAH,9,300
PUDU,10,180
PUDU,10,300
PUDU,10,180
PUDU,10,300
CHAN SOW LIN,11,180
CHAN SOW LIN,11,300
CHAN SOW LIN,11,180
CHAN SOW LIN,11,300
MIHARJA,12,180
MIHARJA,12,300
MIHARJA,12,180
MIHARJA,12,300
MALURI,13,180
MALURI,13,300
MALURI,13,180
MALURI,13,300
PANDAN JAYA,14,180
PANDAN JAYA,14,300
PANDAN JAYA,14,180
PANDAN JAYA,14,300
PANDAN INDAH,15,180
PANDAN INDAH,15,300
PANDAN INDAH,15,180
PANDAN INDAH,15,300
CEMPAKA,16,180
CEMPAKA,16,300
CEMPAKA,16,180
CEMPAKA,16,300
CAHAYA,17,180
CAHAYA,17,300
CAHAYA,17,180
CAHAYA,17,300
AMPANG,18,180
AMPANG,18,300
AMPANG,18,180
AMPANG,18,300
SENTUL TIMUR,1,300
SENTUL,2,300
TITIWANGSA,3,300
PWTC,4,300
SULTAN ISMAIL,5,300
BANDARAYA,6,300
MASJID JAMEK,7,300
PLAZA RAKYAT,8,300
HANG TUAH,9,300
PUDU,10,300
CHAN SOW LIN,11,300
MIHARJA,12,300
MALURI,13,300
PANDAN JAYA,14,300
PANDAN INDAH,15,300
CEMPAKA,16,300
CAHAYA,17,300
AMPANG,18,300
SENTUL TIMUR,1,300
SENTUL,2,300
TITIWANGSA,3,300
PWTC,4,300
SULTAN ISMAIL,5,300
BANDARAYA,6,300
MASJID JAMEK,7,300
PLAZA RAKYAT,8,300
HANG TUAH,9,300
PUDU,10,300
CHAN SOW LIN,11,300
MIHARJA,12,300
MALURI,13,300
PANDAN JAYA,14,300
PANDAN INDAH,15,300
CEMPAKA,16,300
CAHAYA,17,300
AMPANG,18,300
PUTRA HEIGHTS,1,420
PUTRA HEIGHTS,1,240
PUTRA HEIGHTS,1,420
PUTRA HEIGHTS,1,240
PUTRA HEIGHTS,1,420
SUBANG ALAM,2,420
SUBANG ALAM,2,240
SUBANG ALAM,2,420
SUBANG ALAM,2,240
SUBANG ALAM,2,420
ALAM MEGAH,3,420
ALAM MEGAH,3,240
ALAM MEGAH,3,420
ALAM MEGAH,3,240
ALAM MEGAH,3,420
USJ 21,4,420
USJ 21,4,240
USJ 21,4,420
USJ 21,4,240
USJ 21,4,420
WAWASAN,5,420
WAWASAN,5,240
WAWASAN,5,420
WAWASAN,5,240
WAWASAN,5,420
TAIPAN,6,420
TAIPAN,6,240
TAIPAN,6,420
TAIPAN,6,240
TAIPAN,6,420
USJ 7,7,420
USJ 7,7,240
USJ 7,7,420
USJ 7,7,240
USJ 7,7,420
SS 18,8,420
SS 18,8,240
SS 18,8,420
SS 18,8,240
SS 18,8,420
SS 15,9,420
SS 15,9,240
SS 15,9,420
SS 15,9,240
SS 15,9,420
SUBANG JAYA,10,420
SUBANG JAYA,10,240
SUBANG JAYA,10,420
SUBANG JAYA,10,240
SUBANG JAYA,10,420
CGC GLENMARIE,11,420
CGC GLENMARIE,11,240
CGC GLENMARIE,11,420
CGC GLENMARIE,11,240
CGC GLENMARIE,11,420
ARA DAMANSARA,12,420
ARA DAMANSARA,12,240
ARA DAMANSARA,12,420
ARA DAMANSARA,12,240
ARA DAMANSARA,12,420
LEMBAH SUBANG,13,420
LEMBAH SUBANG,13,240
LEMBAH SUBANG,13,420
LEMBAH SUBANG,13,240
LEMBAH SUBANG,13,420
KELANA JAYA,14,420
KELANA JAYA,14,240
KELANA JAYA,14,420
KELANA JAYA,14,240
KELANA JAYA,14,420
TAMAN BAHAGIA,15,420
TAMAN BAHAGIA,15,240
TAMAN BAHAGIA,15,420
TAMAN BAHAGIA,15,240
TAMAN BAHAGIA,15,420
TAMAN PARAMOUNT,16,420
TAMAN PARAMOUNT,16,240
TAMAN PARAMOUNT,16,420
TAMAN PARAMOUNT,16,240
TAMAN PARAMOUNT,16,420
ASIA JAYA,17,420
ASIA JAYA,17,240
ASIA JAYA,17,420
ASIA JAYA,17,240
ASIA JAYA,17,420
TAMAN JAYA,18,420
TAMAN JAYA,18,240
TAMAN JAYA,18,420
TAMAN JAYA,18,240
TAMAN JAYA,18,420
UNIVERSITI,19,420
UNIVERSITI,19,240
UNIVERSITI,19,420
UNIVERSITI,19,240
UNIVERSITI,19,420
KERINCHI,20,420
KERINCHI,20,240
KERINCHI,20,420
KERINCHI,20,240
KERINCHI,20,420
ABDULLAH HUKUM,21,420
ABDULLAH HUKUM,21,240
ABDULLAH HUKUM,21,420
ABDULLAH HUKUM,21,240
ABDULLAH HUKUM,21,420
BANK RAKYAT BANGSAR,22,420
BANK RAKYAT BANGSAR,22,240
BANK RAKYAT BANGSAR,22,420
BANK RAKYAT BANGSAR,22,240
BANK RAKYAT BANGSAR,22,420
KL SENTRAL,23,420
KL SENTRAL,23,240
KL SENTRAL,23,420
KL SENTRAL,23,240
KL SENTRAL,23,420
PASAR SENI,24,420
PASAR SENI,24,240
PASAR SENI,24,420
PASAR SENI,24,240
PASAR SENI,24,420
MASJID JAMEK,25,420
MASJID JAMEK,25,240
MASJID JAMEK,25,420
MASJID JAMEK,25,240
MASJID JAMEK,25,420
DANG WANGI,26,420
DANG WANGI,26,240
DANG WANGI,26,420
DANG WANGI,26,240
DANG WANGI,26,420
KAMPUNG BARU,27,420
KAMPUNG BARU,27,240
KAMPUNG BARU,27,420
KAMPUNG BARU,27,240
KAMPUNG BARU,27,420
KLCC,28,420
KLCC,28,240
KLCC,28,420
KLCC,28,240
KLCC,28,420
AMPANG PARK,29,420
AMPANG PARK,29,240
AMPANG PARK,29,420
AMPANG PARK,29,240
AMPANG PARK,29,420
DAMAI,30,420
DAMAI,30,240
DAMAI,30,420
DAMAI,30,240
DAMAI,30,420
DATO' KERAMAT,31,420
DATO' KERAMAT,31,240
DATO' KERAMAT,31,420
DATO' KERAMAT,31,240
DATO' KERAMAT,31,420
JELATEK,32,420
JELATEK,32,240
JELATEK,32,420
JELATEK,32,240
JELATEK,32,420
SETIAWANGSA,33,420
SETIAWANGSA,33,240
SETIAWANGSA,33,420
SETIAWANGSA,33,240
SETIAWANGSA,33,420
SRI RAMPAI,34,420
SRI RAMPAI,34,240
SRI RAMPAI,34,420
SRI RAMPAI,34,240
SRI RAMPAI,34,420
WANGSA MAJU,35,420
WANGSA MAJU,35,240
WANGSA MAJU,35,420
WANGSA MAJU,35,240
WANGSA MAJU,35,420
TAMAN MELATI,36,420
TAMAN MELATI,36,240
TAMAN MELATI,36,420
TAMAN MELATI,36,240
TAMAN MELATI,36,420
GOMBAK,37,420
GOMBAK,37,240
GOMBAK,37,420
GOMBAK,37,240
GOMBAK,37,420
PUTRA HEIGHTS,1,420
SUBANG ALAM,2,420
ALAM MEGAH,3,420
USJ 21,4,420
WAWASAN,5,420
TAIPAN,6,420
USJ 7,7,420
SS 18,8,420
SS 15,9,420
SUBANG JAYA,10,420
CGC GLENMARIE,11,420
ARA DAMANSARA,12,420
LEMBAH SUBANG,13,420
KELANA JAYA,14,420
TAMAN BAHAGIA,15,420
TAMAN PARAMOUNT,16,420
ASIA JAYA,17,420
TAMAN JAYA,18,420
UNIVERSITI,19,420
KERINCHI,20,420
ABDULLAH HUKUM,21,420
BANK RAKYAT BANGSAR,22,420
KL SENTRAL,23,420
PASAR SENI,24,420
MASJID JAMEK,25,420
DANG WANGI,26,420
KAMPUNG BARU,27,420
KLCC,28,420
AMPANG PARK,29,420
DAMAI,30,420
DATO' KERAMAT,31,420
JELATEK,32,420
SETIAWANGSA,33,420
SRI RAMPAI,34,420
WANGSA MAJU,35,420
TAMAN MELATI,36,420
GOMBAK,37,420
PUTRA HEIGHTS,1,420
SUBANG ALAM,2,420
ALAM MEGAH,3,420
USJ 21,4,420
WAWASAN,5,420
TAIPAN,6,420
USJ 7,7,420
SS 18,8,420
SS 15,9,420
SUBANG JAYA,10,420
CGC GLENMARIE,11,420
ARA DAMANSARA,12,420
LEMBAH SUBANG,13,420
KELANA JAYA,14,420
TAMAN BAHAGIA,15,420
TAMAN PARAMOUNT,16,420
ASIA JAYA,17,420
TAMAN JAYA,18,420
UNIVERSITI,19,420
KERINCHI,20,420
ABDULLAH HUKUM,21,420
BANK RAKYAT BANGSAR,22,420
KL SENTRAL,23,420
PASAR SENI,24,420
MASJID JAMEK,25,420
DANG WANGI,26,420
KAMPUNG BARU,27,420
KLCC,28,420
AMPANG PARK,29,420
DAMAI,30,420
DATO' KERAMAT,31,420
JELATEK,32,420
SETIAWANGSA,33,420
SRI RAMPAI,34,420
WANGSA MAJU,35,420
TAMAN MELATI,36,420
GOMBAK,37,420
GOMBAK,1,420
GOMBAK,1,240
GOMBAK,1,420
GOMBAK,1,240
GOMBAK,1,420
TAMAN MELATI,2,420
TAMAN MELATI,2,240
TAMAN MELATI,2,420
TAMAN MELATI,2,240
TAMAN MELATI,2,420
WANGSA MAJU,3,420
WANGSA MAJU,3,240
WANGSA MAJU,3,420
WANGSA MAJU,3,240
WANGSA MAJU,3,420
SRI RAMPAI,4,420
SRI RAMPAI,4,240
SRI RAMPAI,4,420
SRI RAMPAI,4,240
SRI RAMPAI,4,420
SETIAWANGSA,5,420
SETIAWANGSA,5,240
SETIAWANGSA,5,420
SETIAWANGSA,5,240
SETIAWANGSA,5,420
JELATEK,6,420
JELATEK,6,240
JELATEK,6,420
JELATEK,6,240
JELATEK,6,420
DATO' KERAMAT,7,420
DATO' KERAMAT,7,240
DATO' KERAMAT,7,420
DATO' KERAMAT,7,240
DATO' KERAMAT,7,420
DAMAI,8,420
DAMAI,8,240
DAMAI,8,420
DAMAI,8,240
DAMAI,8,420
AMPANG PARK,9,420
AMPANG PARK,9,240
AMPANG PARK,9,420
AMPANG PARK,9,240
AMPANG PARK,9,420
KLCC,10,420
KLCC,10,240
KLCC,10,420
KLCC,10,240
KLCC,10,420
KAMPUNG BARU,11,420
KAMPUNG BARU,11,240
KAMPUNG BARU,11,420
KAMPUNG BARU,11,240
KAMPUNG BARU,11,420
DANG WANGI,12,420
DANG WANGI,12,240
DANG WANGI,12,420
DANG WANGI,12,240
DANG WANGI,12,420
MASJID JAMEK,13,420
MASJID JAMEK,13,240
MASJID JAMEK,13,420
MASJID JAMEK,13,240
MASJID JAMEK,13,420
PASAR SENI,14,420
PASAR SENI,14,240
PASAR SENI,14,420
PASAR SENI,14,240
PASAR SENI,14,420
KL SENTRAL,15,420
KL SENTRAL,15,240
KL SENTRAL,15,420
KL SENTRAL,15,240
KL SENTRAL,15,420
BANK RAKYAT BANGSAR,16,420
BANK RAKYAT BANGSAR,16,240
BANK RAKYAT BANGSAR,16,420
BANK RAKYAT BANGSAR,16,240
BANK RAKYAT BANGSAR,16,420
ABDULLAH HUKUM,17,420
ABDULLAH HUKUM,17,240
ABDULLAH HUKUM,17,420
ABDULLAH HUKUM,17,240
ABDULLAH HUKUM,17,420
KERINCHI,18,420
KERINCHI,18,240
KERINCHI,18,420
KERINCHI,18,240
KERINCHI,18,420
UNIVERSITI,19,420
UNIVERSITI,19,240
UNIVERSITI,19,420
UNIVERSITI,19,240
UNIVERSITI,19,420
TAMAN JAYA,20,420
TAMAN JAYA,20,240
TAMAN JAYA,20,420
TAMAN JAYA,20,240
TAMAN JAYA,20,420
ASIA JAYA,21,420
ASIA JAYA,21,240
ASIA JAYA,21,420
ASIA JAYA,21,240
ASIA JAYA,21,420
TAMAN PARAMOUNT,22,420
TAMAN PARAMOUNT,22,240
TAMAN PARAMOUNT,22,420
TAMAN PARAMOUNT,22,240
TAMAN PARAMOUNT,22,420
TAMAN BAHAGIA,23,420
TAMAN BAHAGIA,23,240
TAMAN BAHAGIA,23,420
TAMAN BAHAGIA,23,240
TAMAN BAHAGIA,23,420
KELANA JAYA,24,420
KELANA JAYA,24,240
KELANA JAYA,24,420
KELANA JAYA,24,240
KELANA JAYA,24,420
LEMBAH SUBANG,25,420
LEMBAH SUBANG,25,240
LEMBAH SUBANG,25,420
LEMBAH SUBANG,25,240
LEMBAH SUBANG,25,420
ARA DAMANSARA,26,420
ARA DAMANSARA,26,240
ARA DAMANSARA,26,420
ARA DAMANSARA,26,240
ARA DAMANSARA,26,420
CGC GLENMARIE,27,420
CGC GLENMARIE,27,240
CGC GLENMARIE,27,420
CGC GLENMARIE,27,240
CGC GLENMARIE,27,420
SUBANG JAYA,28,420
SUBANG JAYA,28,240
SUBANG JAYA,28,420
SUBANG JAYA,28,240
SUBANG JAYA,28,420
SS 15,29,420
SS 15,29,240
SS 15,29,420
SS 15,29,240
SS 15,29,420
SS 18,30,420
SS 18,30,240
SS 18,30,420
SS 18,30,240
SS 18,30,420
USJ 7,31,420
USJ 7,31,240
USJ 7,31,420
USJ 7,31,240
USJ 7,31,420
TAIPAN,32,420
TAIPAN,32,240
TAIPAN,32,420
TAIPAN,32,240
TAIPAN,32,420
WAWASAN,33,420
WAWASAN,33,240
WAWASAN,33,420
WAWASAN,33,240
WAWASAN,33,420
USJ 21,34,420
USJ 21,34,240
USJ 21,34,420
USJ 21,34,240
USJ 21,34,420
ALAM MEGAH,35,420
ALAM MEGAH,35,240
ALAM MEGAH,35,420
ALAM MEGAH,35,240
ALAM MEGAH,35,420
SUBANG ALAM,36,420
SUBANG ALAM,36,240
SUBANG ALAM,36,420
SUBANG ALAM,36,240
SUBANG ALAM,36,420
PUTRA HEIGHTS,37,420
PUTRA HEIGHTS,37,240
PUTRA HEIGHTS,37,420
PUTRA HEIGHTS,37,240
PUTRA HEIGHTS,37,420
GOMBAK,1,420
TAMAN MELATI,2,420
WANGSA MAJU,3,420
SRI RAMPAI,4,420
SETIAWANGSA,5,420
JELATEK,6,420
DATO' KERAMAT,7,420
DAMAI,8,420
AMPANG PARK,9,420
KLCC,10,420
KAMPUNG BARU,11,420
DANG WANGI,12,420
MASJID JAMEK,13,420
PASAR SENI,14,420
KL SENTRAL,15,420
BANK RAKYAT BANGSAR,16,420
ABDULLAH HUKUM,17,420
KERINCHI,18,420
UNIVERSITI,19,420
TAMAN JAYA,20,420
ASIA JAYA,21,420
TAMAN PARAMOUNT,22,420
TAMAN BAHAGIA,23,420
KELANA JAYA,24,420
LEMBAH SUBANG,25,420
ARA DAMANSARA,26,420
CGC GLENMARIE,27,420
SUBANG JAYA,28,420
SS 15,29,420
SS 18,30,420
USJ 7,31,420
TAIPAN,32,420
WAWASAN,33,420
USJ 21,34,420
ALAM MEGAH,35,420
SUBANG ALAM,36,420
PUTRA HEIGHTS,37,420
GOMBAK,1,420
TAMAN MELATI,2,420
WANGSA MAJU,3,420
SRI RAMPAI,4,420
SETIAWANGSA,5,420
JELATEK,6,420
DATO' KERAMAT,7,420
DAMAI,8,420
AMPANG PARK,9,420
KLCC,10,420
KAMPUNG BARU,11,420
DANG WANGI,12,420
MASJID JAMEK,13,420
PASAR SENI,14,420
KL SENTRAL,15,420
BANK RAKYAT BANGSAR,16,420
ABDULLAH HUKUM,17,420
KERINCHI,18,420
UNIVERSITI,19,420
TAMAN JAYA,20,420
ASIA JAYA,21,420
TAMAN PARAMOUNT,22,420
TAMAN BAHAGIA,23,420
KELANA JAYA,24,420
LEMBAH SUBANG,25,420
ARA DAMANSARA,26,420
CGC GLENMARIE,27,420
SUBANG JAYA,28,420
SS 15,29,420
SS 18,30,420
USJ 7,31,420
TAIPAN,32,420
WAWASAN,33,420
USJ 21,34,420
ALAM MEGAH,35,420
SUBANG ALAM,36,420
PUTRA HEIGHTS,37,420
PUTRA HEIGHTS,1,180
PUTRA HEIGHTS,1,300
PUTRA HEIGHTS,1,180
PUTRA HEIGHTS,1,300
PUCHONG PRIMA,2,180
PUCHONG PRIMA,2,300
PUCHONG PRIMA,2,180
PUCHONG PRIMA,2,300
PUCHONG PERDANA,3,180
PUCHONG PERDANA,3,300
PUCHONG PERDANA,3,180
PUCHONG PERDANA,3,300
BANDAR PUTERI,4,180
BANDAR PUTERI,4,300
BANDAR PUTERI,4,180
BANDAR PUTERI,4,300
TAMAN PERINDUSTRIAN PUCHONG,5,180
TAMAN PERINDUSTRIAN PUCHONG,5,300
TAMAN PERINDUSTRIAN PUCHONG,5,180
TAMAN PERINDUSTRIAN PUCHONG,5,300
PUSAT BANDAR PUCHONG,6,180
PUSAT BANDAR PUCHONG,6,300
PUSAT BANDAR PUCHONG,6,180
PUSAT BANDAR PUCHONG,6,300
IOI PUCHONG JAYA,7,180
IOI PUCHONG JAYA,7,300
IOI PUCHONG JAYA,7,180
IOI PUCHONG JAYA,7,300
KINRARA,8,180
KINRARA,8,300
KINRARA,8,180
KINRARA,8,300
ALAM SUTERA,9,180
ALAM SUTERA,9,300
ALAM SUTERA,9,180
ALAM SUTERA,9,300
MUHIBBAH,10,180
MUHIBBAH,10,300
MUHIBBAH,10,180
MUHIBBAH,10,300
AWAN BESAR,11,180
AWAN BESAR,11,300
AWAN BESAR,11,180
AWAN BESAR,11,300
SRI PETALING,12,180
SRI PETALING,12,300
SRI PETALING,12,180
SRI PETALING,12,300
BUKIT JALIL,13,180
BUKIT JALIL,13,300
BUKIT JALIL,13,180
BUKIT JALIL,13,300
SUNGAI BESI,14,180
SUNGAI BESI,14,300
SUNGAI BESI,14,180
SUNGAI BESI,14,300
BANDAR TASIK SELATAN,15,180
BANDAR TASIK SELATAN,15,300
BANDAR TASIK SELATAN,15,180
BANDAR TASIK SELATAN,15,300
BANDAR TUN RAZAK,16,180
BANDAR TUN RAZAK,16,300
BANDAR TUN RAZAK,16,180
BANDAR TUN RAZAK,16,300
SALAK SELATAN,17,180
SALAK SELATAN,17,300
SALAK SELATAN,17,180
SALAK SELATAN,17,300
CHERAS,18,180
CHERAS,18,300
CHERAS,18,180
CHERAS,18,300
CHAN SOW LIN,19,180
CHAN SOW LIN,19,300
CHAN SOW LIN,19,180
CHAN SOW LIN,19,300
PUDU,20,180
PUDU,20,300
PUDU,20,180
PUDU,20,300
HANG TUAH,21,180
HANG TUAH,21,300
HANG TUAH,21,180
HANG TUAH,21,300
PLAZA RAKYAT,22,180
PLAZA RAKYAT,22,300
PLAZA RAKYAT,22,180
PLAZA RAKYAT,22,300
MASJID JAMEK,23,180
MASJID JAMEK,23,300
MASJID JAMEK,23,180
MASJID JAMEK,23,300
BANDARAYA,24,180
BANDARAYA,24,300
BANDARAYA,24,180
BANDARAYA,24,300
SULTAN ISMAIL,25,180
SULTAN ISMAIL,25,300
SULTAN ISMAIL,25,180
SULTAN ISMAIL,25,300
PWTC,26,180
PWTC,26,300
PWTC,26,180
PWTC,26,300
TITIWANGSA,27,180
TITIWANGSA,27,300
TITIWANGSA,27,180
TITIWANGSA,27,300
SENTUL,28,180
SENTUL,28,300
SENTUL,28,180
SENTUL,28,300
SENTUL TIMUR,29,180
SENTUL TIMUR,29,300
SENTUL TIMUR,29,180
SENTUL TIMUR,29,300
PUTRA HEIGHTS,1,300
PUCHONG PRIMA,2,300
PUCHONG PERDANA,3,300
BANDAR PUTERI,4,300
TAMAN PERINDUSTRIAN PUCHONG,5,300
PUSAT BANDAR PUCHONG,6,300
IOI PUCHONG JAYA,7,300
KINRARA,8,300
ALAM SUTERA,9,300
MUHIBBAH,10,300
AWAN BESAR,11,300
SRI PETALING,12,300
BUKIT JALIL,13,300
SUNGAI BESI,14,300
BANDAR TASIK SELATAN,15,300
BANDAR TUN RAZAK,16,300
SALAK SELATAN,17,300
CHERAS,18,300
CHAN SOW LIN,19,300
PUDU,20,300
HANG TUAH,21,300
PLAZA RAKYAT,22,300
MASJID JAMEK,23,300
BANDARAYA,24,300
SULTAN ISMAIL,25,300
PWTC,26,300
TITIWANGSA,27,300
SENTUL,28,300
SENTUL TIMUR,29,300
PUTRA HEIGHTS,1,300
PUCHONG PRIMA,2,300
PUCHONG PERDANA,3,300
BANDAR PUTERI,4,300
TAMAN PERINDUSTRIAN PUCHONG,5,300
PUSAT BANDAR PUCHONG,6,300
IOI PUCHONG JAYA,7,300
KINRARA,8,300
ALAM SUTERA,9,300
MUHIBBAH,10,300
AWAN BESAR,11,300
SRI PETALING,12,300
BUKIT JALIL,13,300
SUNGAI BESI,14,300
BANDAR TASIK SELATAN,15,300
BANDAR TUN RAZAK,16,300
SALAK SELATAN,17,300
CHERAS,18,300
CHAN SOW LIN,19,300
PUDU,20,300
HANG TUAH,21,300
PLAZA RAKYAT,22,300
MASJID JAMEK,23,300
BANDARAYA,24,300
SULTAN ISMAIL,25,300
PWTC,26,300
TITIWANGSA,27,300
SENTUL,28,300
SENTUL TIMUR,29,300
SENTUL TIMUR,1,180
SENTUL TIMUR,1,300
SENTUL TIMUR,1,180
SENTUL TIMUR,1,300
SENTUL,2,180
SENTUL,2,300
SENTUL,2,180
SENTUL,2,300
TITIWANGSA,3,180
TITIWANGSA,3,300
TITIWANGSA,3,180
TITIWANGSA,3,300
PWTC,4,180
PWTC,4,300
PWTC,4,180
PWTC,4,300
SULTAN ISMAIL,5,180
SULTAN ISMAIL,5,300
SULTAN ISMAIL,5,180
SULTAN ISMAIL,5,300
BANDARAYA,6,180
BANDARAYA,6,300
BANDARAYA,6,180
BANDARAYA,6,300
MASJID JAMEK,7,180
MASJID JAMEK,7,300
MASJID JAMEK,7,180
MASJID JAMEK,7,300
PLAZA RAKYAT,8,180
PLAZA RAKYAT,8,300
PLAZA RAKYAT,8,180
PLAZA RAKYAT,8,300
HANG TUAH,9,180
HANG TUAH,9,300
HANG TUAH,9,180
HANG TUAH,9,300
PUDU,10,180
PUDU,10,300
PUDU,10,180
PUDU,10,300
CHAN SOW LIN,11,180
CHAN SOW LIN,11,300
CHAN SOW LIN,11,180
CHAN SOW LIN,11,300
CHERAS,12,180
CHERAS,12,300
CHERAS,12,180
CHERAS,12,300
SALAK SELATAN,13,180
SALAK SELATAN,13,300
SALAK SELATAN,13,180
SALAK SELATAN,13,300
BANDAR TUN RAZAK,14,180
BANDAR TUN RAZAK,14,300
BANDAR TUN RAZAK,14,180
BANDAR TUN RAZAK,14,300
BANDAR TASIK SELATAN,15,180
BANDAR TASIK SELATAN,15,300
BANDAR TASIK SELATAN,15,180
BANDAR TASIK SELATAN,15,300
SUNGAI BESI,16,180
SUNGAI BESI,16,300
SUNGAI BESI,16,180
SUNGAI BESI,16,300
BUKIT JALIL,17,180
BUKIT JALIL,17,300
BUKIT JALIL,17,180
BUKIT JALIL,17,300
SRI PETALING,18,180
SRI PETALING,18,300
SRI PETALING,18,180
SRI PETALING,18,300
AWAN BESAR,19,180
AWAN BESAR,19,300
AWAN BESAR,19,180
AWAN BESAR,19,300
MUHIBBAH,20,180
MUHIBBAH,20,300
MUHIBBAH,20,180
MUHIBBAH,20,300
ALAM SUTERA,21,180
ALAM SUTERA,21,300
ALAM SUTERA,21,180
ALAM SUTERA,21,300
KINRARA,22,180
KINRARA,22,300
KINRARA,22,180
KINRARA,22,300
IOI PUCHONG JAYA,23,180
IOI PUCHONG JAYA,23,300
IOI PUCHONG JAYA,23,180
IOI PUCHONG JAYA,23,300
PUSAT BANDAR PUCHONG,24,180
PUSAT BANDAR PUCHONG,24,300
PUSAT BANDAR PUCHONG,24,180
PUSAT BANDAR PUCHONG,24,300
TAMAN PERINDUSTRIAN PUCHONG,25,180
TAMAN PERINDUSTRIAN PUCHONG,25,300
TAMAN PERINDUSTRIAN PUCHONG,25,180
TAMAN PERINDUSTRIAN PUCHONG,25,300
BANDAR PUTERI,26,180
BANDAR PUTERI,26,300
BANDAR PUTERI,26,180
BANDAR PUTERI,26,300
PUCHONG PERDANA,27,180
PUCHONG PERDANA,27,300
PUCHONG PERDANA,27,180
PUCHONG PERDANA,27,300
PUCHONG PRIMA,28,180
PUCHONG PRIMA,28,300
PUCHONG PRIMA,28,180
PUCHONG PRIMA,28,300
PUTRA HEIGHTS,29,180
PUTRA HEIGHTS,29,300
PUTRA HEIGHTS,29,180
PUTRA HEIGHTS,29,300
SENTUL TIMUR,1,300
SENTUL,2,300
TITIWANGSA,3,300
PWTC,4,300
SULTAN ISMAIL,5,300
BANDARAYA,6,300
MASJID JAMEK,7,300
PLAZA RAKYAT,8,300
HANG TUAH,9,300
PUDU,10,300
CHAN SOW LIN,11,300
CHERAS,12,300
SALAK SELATAN,13,300
BANDAR TUN RAZAK,14,300
BANDAR TASIK SELATAN,15,300
SUNGAI BESI,16,300
BUKIT JALIL,17,300
SRI PETALING,18,300
AWAN BESAR,19,300
MUHIBBAH,20,300
ALAM SUTERA,21,300
KINRARA,22,300
IOI PUCHONG JAYA,23,300
PUSAT BANDAR PUCHONG,24,300
TAMAN PERINDUSTRIAN PUCHONG,25,300
BANDAR PUTERI,26,300
PUCHONG PERDANA,27,300
PUCHONG PRIMA,28,300
PUTRA HEIGHTS,29,300
SENTUL TIMUR,1,300
SENTUL,2,300
TITIWANGSA,3,300
PWTC,4,300
SULTAN ISMAIL,5,300
BANDARAYA,6,300
MASJID JAMEK,7,300
PLAZA RAKYAT,8,300
HANG TUAH,9,300
PUDU,10,300
CHAN SOW LIN,11,300
CHERAS,12,300
SALAK SELATAN,13,300
BANDAR TUN RAZAK,14,300
BANDAR TASIK SELATAN,15,300
SUNGAI BESI,16,300
BUKIT JALIL,17,300
SRI PETALING,18,300
AWAN BESAR,19,300
MUHIBBAH,20,300
ALAM SUTERA,21,300
KINRARA,22,300
IOI PUCHONG JAYA,23,300
PUSAT BANDAR PUCHONG,24,300
TAMAN PERINDUSTRIAN PUCHONG,25,300
BANDAR PUTERI,26,300
PUCHONG PERDANA,27,300
PUCHONG PRIMA,28,300
PUTRA HEIGHTS,29,300
KWASA DAMANSARA,1,360
KWASA DAMANSARA,1,600
KWASA DAMANSARA,1,360
KWASA DAMANSARA,1,600
KWASA SENTRAL,2,360
KWASA SENTRAL,2,600
KWASA SENTRAL,2,360
KWASA SENTRAL,2,600
KOTA DAMANSARA,3,360
KOTA DAMANSARA,3,600
KOTA DAMANSARA,3,360
KOTA DAMANSARA,3,600
SURIAN,4,360
SURIAN,4,600
SURIAN,4,360
SURIAN,4,600
MUTIARA DAMANSARA,5,360
MUTIARA DAMANSARA,5,600
MUTIARA DAMANSARA,5,360
MUTIARA DAMANSARA,5,600
BANDAR UTAMA,6,360
BANDAR UTAMA,6,600
BANDAR UTAMA,6,360
BANDAR UTAMA,6,600
TAMAN TUN DR ISMAIL,7,360
TAMAN TUN DR ISMAIL,7,600
TAMAN TUN DR ISMAIL,7,360
TAMAN TUN DR ISMAIL,7,600
PHILEO DAMANSARA,8,360
PHILEO DAMANSARA,8,600
PHILEO DAMANSARA,8,360
PHILEO DAMANSARA,8,600
PUSAT BANDAR DAMANSARA,9,360
PUSAT BANDAR DAMANSARA,9,600
PUSAT BANDAR DAMANSARA,9,360
PUSAT BANDAR DAMANSARA,9,600
SEMANTAN,10,360
SEMANTAN,10,600
SEMANTAN,10,360
SEMANTAN,10,600
MUZIUM NEGARA,11,360
MUZIUM NEGARA,11,600
MUZIUM NEGARA,11,360
MUZIUM NEGARA,11,600
PASAR SENI,12,360
PASAR SENI,12,600
PASAR SENI,12,360
PASAR SENI,12,600
MERDEKA,13,360
MERDEKA,13,600
MERDEKA,13,360
MERDEKA,13,600
BUKIT BINTANG ,14,360
BUKIT BINTANG ,14,600
BUKIT BINTANG ,14,360
BUKIT BINTANG ,14,600
TUN RAZAK EXCHANGE,15,360
TUN RAZAK EXCHANGE,15,600
TUN RAZAK EXCHANGE,15,360
TUN RAZAK EXCHANGE,15,600
COCHRANE,16,360
COCHRANE,16,600
COCHRANE,16,360
COCHRANE,16,600
MALURI,17,360
MALURI,17,600
MALURI,17,360
MALURI,17,600
TAMAN PERTAMA,18,360
TAMAN PERTAMA,18,600
TAMAN PERTAMA,18,360
TAMAN PERTAMA,18,600
TAMAN MIDAH,19,360
TAMAN MIDAH,19,600
TAMAN MIDAH,19,360
TAMAN MIDAH,19,600
TAMAN MUTIARA,20,360
TAMAN MUTIARA,20,600
TAMAN MUTIARA,20,360
TAMAN MUTIARA,20,600
TAMAN CONNAUGHT,21,360
TAMAN CONNAUGHT,21,600
TAMAN CONNAUGHT,21,360
TAMAN CONNAUGHT,21,600
TAMAN SUNTEX,22,360
TAMAN SUNTEX,22,600
TAMAN SUNTEX,22,360
TAMAN SUNTEX,22,600
SRI RAYA,23,360
SRI RAYA,23,600
SRI RAYA,23,360
SRI RAYA,23,600
BANDAR TUN HUSSIEN ONN,24,360
BANDAR TUN HUSSIEN ONN,24,600
BANDAR TUN HUSSIEN ONN,24,360
BANDAR TUN HUSSIEN ONN,24,600
BATU 11 CHERAS,25,360
BATU 11 CHERAS,25,600
BATU 11 CHERAS,25,360
BATU 11 CHERAS,25,600
BUKIT DUKUNG,26,360
BUKIT DUKUNG,26,600
BUKIT DUKUNG,26,360
BUKIT DUKUNG,26,600
SUNGAI JERNIH,27,360
SUNGAI JERNIH,27,600
SUNGAI JERNIH,27,360
SUNGAI JERNIH,27,600
STADIUM KAJANG,28,360
STADIUM KAJANG,28,600
STADIUM KAJANG,28,360
STADIUM KAJANG,28,600
KAJANG,29,360
KAJANG,29,600
KAJANG,29,360
KAJANG,29,600
KWASA DAMANSARA,1,600
KWASA SENTRAL,2,600
KOTA DAMANSARA,3,600
SURIAN,4,600
MUTIARA DAMANSARA,5,600
BANDAR UTAMA,6,600
TAMAN TUN DR ISMAIL,7,600
PHILEO DAMANSARA,8,600
PUSAT BANDAR DAMANSARA,9,600
SEMANTAN,10,600
MUZIUM NEGARA,11,600
PASAR SENI,12,600
MERDEKA,13,600
BUKIT BINTANG ,14,600
TUN RAZAK EXCHANGE,15,600
COCHRANE,16,600
MALURI,17,600
TAMAN PERTAMA,18,600
TAMAN MIDAH,19,600
TAMAN MUTIARA,20,600
TAMAN CONNAUGHT,21,600
TAMAN SUNTEX,22,600
SRI RAYA,23,600
BANDAR TUN HUSSIEN ONN,24,600
BATU 11 CHERAS,25,600
BUKIT DUKUNG,26,600
SUNGAI JERNIH,27,600
STADIUM KAJANG,28,600
KAJANG,29,600
KWASA DAMANSARA,1,600
KWASA SENTRAL,2,600
KOTA DAMANSARA,3,600
SURIAN,4,600
MUTIARA DAMANSARA,5,600
BANDAR UTAMA,6,600
TAMAN TUN DR ISMAIL,7,600
PHILEO DAMANSARA,8,600
PUSAT BANDAR DAMANSARA,9,600
SEMANTAN,10,600
MUZIUM NEGARA,11,600
PASAR SENI,12,600
MERDEKA,13,600
BUKIT BINTANG ,14,600
TUN RAZAK EXCHANGE,15,600
COCHRANE,16,600
MALURI,17,600
TAMAN PERTAMA,18,600
TAMAN MIDAH,19,600
TAMAN MUTIARA,20,600
TAMAN CONNAUGHT,21,600
TAMAN SUNTEX,22,600
SRI RAYA,23,600
BANDAR TUN HUSSIEN ONN,24,600
BATU 11 CHERAS,25,600
BUKIT DUKUNG,26,600
SUNGAI JERNIH,27,600
STADIUM KAJANG,28,600
KAJANG,29,600
KAJANG,1,360
KAJANG,1,600
KAJANG,1,360
KAJANG,1,600
STADIUM KAJANG,2,360
STADIUM KAJANG,2,600
STADIUM KAJANG,2,360
STADIUM KAJANG,2,600
SUNGAI JERNIH,3,360
SUNGAI JERNIH,3,600
SUNGAI JERNIH,3,360
SUNGAI JERNIH,3,600
BUKIT DUKUNG,4,360
BUKIT DUKUNG,4,600
BUKIT DUKUNG,4,360
BUKIT DUKUNG,4,600
BATU 11 CHERAS,5,360
BATU 11 CHERAS,5,600
BATU 11 CHERAS,5,360
BATU 11 CHERAS,5,600
BANDAR TUN HUSSIEN ONN,6,360
BANDAR TUN HUSSIEN ONN,6,600
BANDAR TUN HUSSIEN ONN,6,360
BANDAR TUN HUSSIEN ONN,6,600
SRI RAYA,7,360
SRI RAYA,7,600
SRI RAYA,7,360
SRI RAYA,7,600
TAMAN SUNTEX,8,360
TAMAN SUNTEX,8,600
TAMAN SUNTEX,8,360
TAMAN SUNTEX,8,600
TAMAN CONNAUGHT,9,360
TAMAN CONNAUGHT,9,600
TAMAN CONNAUGHT,9,360
TAMAN CONNAUGHT,9,600
TAMAN MUTIARA,10,360
TAMAN MUTIARA,10,600
TAMAN MUTIARA,10,360
TAMAN MUTIARA,10,600
TAMAN MIDAH,11,360
TAMAN MIDAH,11,600
TAMAN MIDAH,11,360
TAMAN MIDAH,11,600
TAMAN PERTAMA,12,360
TAMAN PERTAMA,12,600
TAMAN PERTAMA,12,360
TAMAN PERTAMA,12,600
MALURI,13,360
MALURI,13,600
MALURI,13,360
MALURI,13,600
COCHRANE,14,360
COCHRANE,14,600
COCHRANE,14,360
COCHRANE,14,600
TUN RAZAK EXCHANGE,15,360
TUN RAZAK EXCHANGE,15,600
TUN RAZAK EXCHANGE,15,360
TUN RAZAK EXCHANGE,15,600
BUKIT BINTANG ,16,360
BUKIT BINTANG ,16,600
BUKIT BINTANG ,16,360
BUKIT BINTANG ,16,600
MERDEKA,17,360
MERDEKA,17,600
MERDEKA,17,360
MERDEKA,17,600
PASAR SENI,18,360
PASAR SENI,18,600
PASAR SENI,18,360
PASAR SENI,18,600
MUZIUM NEGARA,19,360
MUZIUM NEGARA,19,600
MUZIUM NEGARA,19,360
MUZIUM NEGARA,19,600
SEMANTAN,20,360
SEMANTAN,20,600
SEMANTAN,20,360
SEMANTAN,20,600
PUSAT BANDAR DAMANSARA,21,360
PUSAT BANDAR DAMANSARA,21,600
PUSAT BANDAR DAMANSARA,21,360
PUSAT BANDAR DAMANSARA,21,600
PHILEO DAMANSARA,22,360
PHILEO DAMANSARA,22,600
PHILEO DAMANSARA,22,360
PHILEO DAMANSARA,22,600
TAMAN TUN DR ISMAIL,23,360
TAMAN TUN DR ISMAIL,23,600
TAMAN TUN DR ISMAIL,23,360
TAMAN TUN DR ISMAIL,23,600
BANDAR UTAMA,24,360
BANDAR UTAMA,24,600
BANDAR UTAMA,24,360
BANDAR UTAMA,24,600
MUTIARA DAMANSARA,25,360
MUTIARA DAMANSARA,25,600
MUTIARA DAMANSARA,25,360
MUTIARA DAMANSARA,25,600
SURIAN,26,360
SURIAN,26,600
SURIAN,26,360
SURIAN,26,600
KOTA DAMANSARA,27,360
KOTA DAMANSARA,27,600
KOTA DAMANSARA,27,360
KOTA DAMANSARA,27,600
KWASA SENTRAL,28,360
KWASA SENTRAL,28,600
KWASA SENTRAL,28,360
KWASA SENTRAL,28,600
KWASA DAMANSARA,29,360
KWASA DAMANSARA,29,600
KWASA DAMANSARA,29,360
KWASA DAMANSARA,29,600
KAJANG,1,600
STADIUM KAJANG,2,600
SUNGAI JERNIH,3,600
BUKIT DUKUNG,4,600
BATU 11 CHERAS,5,600
BANDAR TUN HUSSIEN ONN,6,600
SRI RAYA,7,600
TAMAN SUNTEX,8,600
TAMAN CONNAUGHT,9,600
TAMAN MUTIARA,10,600
TAMAN MIDAH,11,600
TAMAN PERTAMA,12,600
MALURI,13,600
COCHRANE,14,600
TUN RAZAK EXCHANGE,15,600
BUKIT BINTANG ,16,600
MERDEKA,17,600
PASAR SENI,18,600
MUZIUM NEGARA,19,600
SEMANTAN,20,600
PUSAT BANDAR DAMANSARA,21,600
PHILEO DAMANSARA,22,600
TAMAN TUN DR ISMAIL,23,600
BANDAR UTAMA,24,600
MUTIARA DAMANSARA,25,600
SURIAN,26,600
KOTA DAMANSARA,27,600
KWASA SENTRAL,28,600
KWASA DAMANSARA,29,600
KAJANG,1,600
STADIUM KAJANG,2,600
SUNGAI JERNIH,3,600
BUKIT DUKUNG,4,600
BATU 11 CHERAS,5,600
BANDAR TUN HUSSIEN ONN,6,600
SRI RAYA,7,600
TAMAN SUNTEX,8,600
TAMAN CONNAUGHT,9,600
TAMAN MUTIARA,10,600
TAMAN MIDAH,11,600
TAMAN PERTAMA,12,600
MALURI,13,600
COCHRANE,14,600
TUN RAZAK EXCHANGE,15,600
BUKIT BINTANG ,16,600
MERDEKA,17,600
PASAR SENI,18,600
MUZIUM NEGARA,19,600
SEMANTAN,20,600
PUSAT BANDAR DAMANSARA,21,600
PHILEO DAMANSARA,22,600
TAMAN TUN DR ISMAIL,23,600
BANDAR UTAMA,24,600
MUTIARA DAMANSARA,25,600
SURIAN,26,600
KOTA DAMANSARA,27,600
KWASA SENTRAL,28,600
KWASA DAMANSARA,29,600
KWASA DAMANSARA,1,600
KWASA DAMANSARA,1,300
KWASA DAMANSARA,1,600
KWASA DAMANSARA,1,300
KWASA DAMANSARA,1,600
KWASA DAMANSARA,1,720
KAMPUNG SELAMAT,2,600
KAMPUNG SELAMAT,2,300
KAMPUNG SELAMAT,2,600
KAMPUNG SELAMAT,2,300
KAMPUNG SELAMAT,2,600
KAMPUNG SELAMAT,2,720
SUNGAI BULOH,3,600
SUNGAI BULOH,3,300
SUNGAI BULOH,3,600
SUNGAI BULOH,3,300
SUNGAI BULOH,3,600
SUNGAI BULOH,3,720
DAMANSARA DAMAI,4,600
DAMANSARA DAMAI,4,300
DAMANSARA DAMAI,4,600
DAMANSARA DAMAI,4,300
DAMANSARA DAMAI,4,600
DAMANSARA DAMAI,4,720
SRI DAMANSARA BARAT,5,600
SRI DAMANSARA BARAT,5,300
SRI DAMANSARA BARAT,5,600
SRI DAMANSARA BARAT,5,300
SRI DAMANSARA BARAT,5,600
SRI DAMANSARA BARAT,5,720
SRI DAMANSARA SENTRAL,6,600
SRI DAMANSARA SENTRAL,6,300
SRI DAMANSARA SENTRAL,6,600
SRI DAMANSARA SENTRAL,6,300
SRI DAMANSARA SENTRAL,6,600
SRI DAMANSARA SENTRAL,6,720
SRI DAMANSARA TIMUR,7,600
SRI DAMANSARA TIMUR,7,300
SRI DAMANSARA TIMUR,7,600
SRI DAMANSARA TIMUR,7,300
SRI DAMANSARA TIMUR,7,600
SRI DAMANSARA TIMUR,7,720
METRO PRIMA,8,600
METRO PRIMA,8,300
METRO PRIMA,8,600
METRO PRIMA,8,300
METRO PRIMA,8,600
METRO PRIMA,8,720
KEPONG BARU,9,600
KEPONG BARU,9,300
KEPONG BARU,9,600
KEPONG BARU,9,300
KEPONG BARU,9,600
KEPONG BARU,9,720
JINJANG,10,600
JINJANG,10,300
JINJANG,10,600
JINJANG,10,300
JINJANG,10,600
JINJANG,10,720
SRI DELIMA,11,600
SRI DELIMA,11,300
SRI DELIMA,11,600
SRI DELIMA,11,300
SRI DELIMA,11,600
SRI DELIMA,11,720
KAMPUNG BATU,12,600
KAMPUNG BATU,12,300
KAMPUNG BATU,12,600
KAMPUNG BATU,12,300
KAMPUNG BATU,12,600
KAMPUNG BATU,12,720
KENTOMEN,13,600
KENTOMEN,13,300
KENTOMEN,13,600
KENTOMEN,13,300
KENTOMEN,13,600
KENTOMEN,13,720
JALAN IPOH,14,600
JALAN IPOH,14,300
JALAN IPOH,14,600
JALAN IPOH,14,300
JALAN IPOH,14,600
JALAN IPOH,14,720
SENTUL BARAT,15,600
SENTUL BARAT,15,300
SENTUL BARAT,15,600
SENTUL BARAT,15,300
SENTUL BARAT,15,600
SENTUL BARAT,15,720
TITIWANGSA,16,600
TITIWANGSA,16,300
TITIWANGSA,16,600
TITIWANGSA,16,300
TITIWANGSA,16,600
TITIWANGSA,16,720
HOSPITAL KUALA LUMPUR,17,600
HOSPITAL KUALA LUMPUR,17,300
HOSPITAL KUALA LUMPUR,17,600
HOSPITAL KUALA LUMPUR,17,300
HOSPITAL KUALA LUMPUR,17,600
HOSPITAL KUALA LUMPUR,17,720
RAJA UDA,18,600
RAJA UDA,18,300
RAJA UDA,18,600
RAJA UDA,18,300
RAJA UDA,18,600
RAJA UDA,18,720
AMPANG PARK,19,600
AMPANG PARK,19,300
AMPANG PARK,19,600
AMPANG PARK,19,300
AMPANG PARK,19,600
AMPANG PARK,19,720
PERSIARAN KLCC,20,600
PERSIARAN KLCC,20,300
PERSIARAN KLCC,20,600
PERSIARAN KLCC,20,300
PERSIARAN KLCC,20,600
PERSIARAN KLCC,20,720
CONLAY,21,600
CONLAY,21,300
CONLAY,21,600
CONLAY,21,300
CONLAY,21,600
CONLAY,21,720
TUN RAZAK EXCHANGE,22,600
TUN RAZAK EXCHANGE,22,300
TUN RAZAK EXCHANGE,22,600
TUN RAZAK EXCHANGE,22,300
TUN RAZAK EXCHANGE,22,600
TUN RAZAK EXCHANGE,22,720
CHAN SOW LIN,23,600
CHAN SOW LIN,23,300
CHAN SOW LIN,23,600
CHAN SOW LIN,23,300
CHAN SOW LIN,23,600
CHAN SOW LIN,23,720
KUCHAI,24,600
KUCHAI,24,300
KUCHAI,24,600
KUCHAI,24,300
KUCHAI,24,600
KUCHAI,24,720
TAMAN NAGA EMAS,25,600
TAMAN NAGA EMAS,25,300
TAMAN NAGA EMAS,25,600
TAMAN NAGA EMAS,25,300
TAMAN NAGA EMAS,25,600
TAMAN NAGA EMAS,25,720
SUNGAI BESI,26,600
SUNGAI BESI,26,300
SUNGAI BESI,26,600
SUNGAI BESI,26,300
SUNGAI BESI,26,600
SUNGAI BESI,26,720
SERDANG RAYA UTARA,27,600
SERDANG RAYA UTARA,27,300
SERDANG RAYA UTARA,27,600
SERDANG RAYA UTARA,27,300
SERDANG RAYA UTARA,27,600
SERDANG RAYA UTARA,27,720
SERDANG RAYA SELATAN,28,600
SERDANG RAYA SELATAN,28,300
SERDANG RAYA SELATAN,28,600
SERDANG RAYA SELATAN,28,300
SERDANG RAYA SELATAN,28,600
SERDANG RAYA SELATAN,28,720
SERDANG JAYA,29,600
SERDANG JAYA,29,300
SERDANG JAYA,29,600
SERDANG JAYA,29,300
SERDANG JAYA,29,600
SERDANG JAYA,29,720
UPM,30,600
UPM,30,300
UPM,30,600
UPM,30,300
UPM,30,600
UPM,30,720
TAMAN EQUINE,31,600
TAMAN EQUINE,31,300
TAMAN EQUINE,31,600
TAMAN EQUINE,31,300
TAMAN EQUINE,31,600
TAMAN EQUINE,31,720
PUTRA PERMAI,32,600
PUTRA PERMAI,32,300
PUTRA PERMAI,32,600
PUTRA PERMAI,32,300
PUTRA PERMAI,32,600
PUTRA PERMAI,32,720
16 SIERRA,33,600
16 SIERRA,33,300
16 SIERRA,33,600
16 SIERRA,33,300
16 SIERRA,33,600
16 SIERRA,33,720
CYBERJAYA UTARA,34,600
CYBERJAYA UTARA,34,300
CYBERJAYA UTARA,34,600
CYBERJAYA UTARA,34,300
CYBERJAYA UTARA,34,600
CYBERJAYA UTARA,34,720
CYBERJAYA CITY CENTRE,35,600
CYBERJAYA CITY CENTRE,35,300
CYBERJAYA CITY CENTRE,35,600
CYBERJAYA CITY CENTRE,35,300
CYBERJAYA CITY CENTRE,35,600
CYBERJAYA CITY CENTRE,35,720
PUTRAJAYA SENTRAL,36,600
PUTRAJAYA SENTRAL,36,300
PUTRAJAYA SENTRAL,36,600
PUTRAJAYA SENTRAL,36,300
PUTRAJAYA SENTRAL,36,600
PUTRAJAYA SENTRAL,36,720
KWASA DAMANSARA,1,600
KAMPUNG SELAMAT,2,600
SUNGAI BULOH,3,600
DAMANSARA DAMAI,4,600
SRI DAMANSARA BARAT,5,600
SRI DAMANSARA SENTRAL,6,600
SRI DAMANSARA TIMUR,7,600
METRO PRIMA,8,600
KEPONG BARU,9,600
JINJANG,10,600
SRI DELIMA,11,600
KAMPUNG BATU,12,600
KENTOMEN,13,600
JALAN IPOH,14,600
SENTUL BARAT,15,600
TITIWANGSA,16,600
HOSPITAL KUALA LUMPUR,17,600
RAJA UDA,18,600
AMPANG PARK,19,600
PERSIARAN KLCC,20,600
CONLAY,21,600
TUN RAZAK EXCHANGE,22,600
CHAN SOW LIN,23,600
KUCHAI,24,600
TAMAN NAGA EMAS,25,600
SUNGAI BESI,26,600
SERDANG RAYA UTARA,27,600
SERDANG RAYA SELATAN,28,600
SERDANG JAYA,29,600
UPM,30,600
TAMAN EQUINE,31,600
PUTRA PERMAI,32,600
16 SIERRA,33,600
CYBERJAYA UTARA,34,600
CYBERJAYA CITY CENTRE,35,600
PUTRAJAYA SENTRAL,36,600
KWASA DAMANSARA,1,600
KAMPUNG SELAMAT,2,600
SUNGAI BULOH,3,600
DAMANSARA DAMAI,4,600
SRI DAMANSARA BARAT,5,600
SRI DAMANSARA SENTRAL,6,600
SRI DAMANSARA TIMUR,7,600
METRO PRIMA,8,600
KEPONG BARU,9,600
JINJANG,10,600
SRI DELIMA,11,600
KAMPUNG BATU,12,600
KENTOMEN,13,600
JALAN IPOH,14,600
SENTUL BARAT,15,600
TITIWANGSA,16,600
HOSPITAL KUALA LUMPUR,17,600
RAJA UDA,18,600
AMPANG PARK,19,600
PERSIARAN KLCC,20,600
CONLAY,21,600
TUN RAZAK EXCHANGE,22,600
CHAN SOW LIN,23,600
KUCHAI,24,600
TAMAN NAGA EMAS,25,600
SUNGAI BESI,26,600
SERDANG RAYA UTARA,27,600
SERDANG RAYA SELATAN,28,600
SERDANG JAYA,29,600
UPM,30,600
TAMAN EQUINE,31,600
PUTRA PERMAI,32,600
16 SIERRA,33,600
CYBERJAYA UTARA,34,600
CYBERJAYA CITY CENTRE,35,600
PUTRAJAYA SENTRAL,36,600
PUTRAJAYA SENTRAL,1,420
PUTRAJAYA SENTRAL,1,240
PUTRAJAYA SENTRAL,1,420
PUTRAJAYA SENTRAL,1,240
PUTRAJAYA SENTRAL,1,420
PUTRAJAYA SENTRAL,1,840
CYBERJAYA CITY CENTRE,2,420
CYBERJAYA CITY CENTRE,2,240
CYBERJAYA CITY CENTRE,2,420
CYBERJAYA CITY CENTRE,2,240
CYBERJAYA CITY CENTRE,2,420
CYBERJAYA CITY CENTRE,2,840
CYBERJAYA UTARA,3,420
CYBERJAYA UTARA,3,240
CYBERJAYA UTARA,3,420
CYBERJAYA UTARA,3,240
CYBERJAYA UTARA,3,420
CYBERJAYA UTARA,3,840
16 SIERRA,4,420
16 SIERRA,4,240
16 SIERRA,4,420
16 SIERRA,4,240
16 SIERRA,4,420
16 SIERRA,4,840
PUTRA PERMAI,5,420
PUTRA PERMAI,5,240
PUTRA PERMAI,5,420
PUTRA PERMAI,5,240
PUTRA PERMAI,5,420
PUTRA PERMAI,5,840
TAMAN EQUINE,6,420
TAMAN EQUINE,6,240
TAMAN EQUINE,6,420
TAMAN EQUINE,6,240
TAMAN EQUINE,6,420
TAMAN EQUINE,6,840
UPM,7,420
UPM,7,240
UPM,7,420
UPM,7,240
UPM,7,420
UPM,7,840
SERDANG JAYA,8,420
SERDANG JAYA,8,240
SERDANG JAYA,8,420
SERDANG JAYA,8,240
SERDANG JAYA,8,420
SERDANG JAYA,8,840
SERDANG RAYA SELATAN,9,420
SERDANG RAYA SELATAN,9,240
SERDANG RAYA SELATAN,9,420
SERDANG RAYA SELATAN,9,240
SERDANG RAYA SELATAN,9,420
SERDANG RAYA SELATAN,9,840
SERDANG RAYA UTARA,10,420
SERDANG RAYA UTARA,10,240
SERDANG RAYA UTARA,10,420
SERDANG RAYA UTARA,10,240
SERDANG RAYA UTARA,10,420
SERDANG RAYA UTARA,10,840
SUNGAI BESI,11,420
SUNGAI BESI,11,240
SUNGAI BESI,11,420
SUNGAI BESI,11,240
SUNGAI BESI,11,420
SUNGAI BESI,11,840
TAMAN NAGA EMAS,12,420
TAMAN NAGA EMAS,12,240
TAMAN NAGA EMAS,12,420
TAMAN NAGA EMAS,12,240
TAMAN NAGA EMAS,12,420
TAMAN NAGA EMAS,12,840
KUCHAI,13,420
KUCHAI,13,240
KUCHAI,13,420
KUCHAI,13,240
KUCHAI,13,420
KUCHAI,13,840
CHAN SOW LIN,14,420
CHAN SOW LIN,14,240
CHAN SOW LIN,14,420
CHAN SOW LIN,14,240
CHAN SOW LIN,14,420
CHAN SOW LIN,14,840
TUN RAZAK EXCHANGE,15,420
TUN RAZAK EXCHANGE,15,240
TUN RAZAK EXCHANGE,15,420
TUN RAZAK EXCHANGE,15,240
TUN RAZAK EXCHANGE,15,420
TUN RAZAK EXCHANGE,15,840
CONLAY,16,420
CONLAY,16,240
CONLAY,16,420
CONLAY,16,240
CONLAY,16,420
CONLAY,16,840
PERSIARAN KLCC,17,420
PERSIARAN KLCC,17,240
PERSIARAN KLCC,17,420
PERSIARAN KLCC,17,240
PERSIARAN KLCC,17,420
PERSIARAN KLCC,17,840
AMPANG PARK,18,420
AMPANG PARK,18,240
AMPANG PARK,18,420
AMPANG PARK,18,240
AMPANG PARK,18,420
AMPANG PARK,18,840
RAJA UDA,19,420
RAJA UDA,19,240
RAJA UDA,19,420
RAJA UDA,19,240
RAJA UDA,19,420
RAJA UDA,19,840
HOSPITAL KUALA LUMPUR,20,420
HOSPITAL KUALA LUMPUR,20,240
HOSPITAL KUALA LUMPUR,20,420
HOSPITAL KUALA LUMPUR,20,240
HOSPITAL KUALA LUMPUR,20,420
HOSPITAL KUALA LUMPUR,20,840
TITIWANGSA,21,420
TITIWANGSA,21,240
TITIWANGSA,21,420
TITIWANGSA,21,240
TITIWANGSA,21,420
TITIWANGSA,21,840
SENTUL BARAT,22,420
SENTUL BARAT,22,240
SENTUL BARAT,22,420
SENTUL BARAT,22,240
SENTUL BARAT,22,420
SENTUL BARAT,22,840
JALAN IPOH,23,420
JALAN IPOH,23,240
JALAN IPOH,23,420
JALAN IPOH,23,240
JALAN IPOH,23,420
JALAN IPOH,23,840
KENTOMEN,24,420
KENTOMEN,24,240
KENTOMEN,24,420
KENTOMEN,24,240
KENTOMEN,24,420
KENTOMEN,24,840
KAMPUNG BATU,25,420
KAMPUNG BATU,25,240
KAMPUNG BATU,25,420
KAMPUNG BATU,25,240
KAMPUNG BATU,25,420
KAMPUNG BATU,25,840
SRI DELIMA,26,420
SRI DELIMA,26,240
SRI DELIMA,26,420
SRI DELIMA,26,240
SRI DELIMA,26,420
SRI DELIMA,26,840
JINJANG,27,420
JINJANG,27,240
JINJANG,27,420
JINJANG,27,240
JINJANG,27,420
JINJANG,27,840
KEPONG BARU,28,420
KEPONG BARU,28,240
KEPONG BARU,28,420
KEPONG BARU,28,240
KEPONG BARU,28,420
KEPONG BARU,28,840
METRO PRIMA,29,420
METRO PRIMA,29,240
METRO PRIMA,29,420
METRO PRIMA,29,240
METRO PRIMA,29,420
METRO PRIMA,29,840
SRI DAMANSARA TIMUR,30,420
SRI DAMANSARA TIMUR,30,240
SRI DAMANSARA TIMUR,30,420
SRI DAMANSARA TIMUR,30,240
SRI DAMANSARA TIMUR,30,420
SRI DAMANSARA TIMUR,30,840
SRI DAMANSARA SENTRAL,31,420
SRI DAMANSARA SENTRAL,31,240
SRI DAMANSARA SENTRAL,31,420
SRI DAMANSARA SENTRAL,31,240
SRI DAMANSARA SENTRAL,31,420
SRI DAMANSARA SENTRAL,31,840
SRI DAMANSARA BARAT,32,420
SRI DAMANSARA BARAT,32,240
SRI DAMANSARA BARAT,32,420
SRI DAMANSARA BARAT,32,240
SRI DAMANSARA BARAT,32,420
SRI DAMANSARA BARAT,32,840
DAMANSARA DAMAI,33,420
DAMANSARA DAMAI,33,240
DAMANSARA DAMAI,33,420
DAMANSARA DAMAI,33,240
DAMANSARA DAMAI,33,420
DAMANSARA DAMAI,33,840
SUNGAI BULOH,34,420
SUNGAI BULOH,34,240
SUNGAI BULOH,34,420
SUNGAI BULOH,34,240
SUNGAI BULOH,34,420
SUNGAI BULOH,34,840
KAMPUNG SELAMAT,35,420
KAMPUNG SELAMAT,35,240
KAMPUNG SELAMAT,35,420
KAMPUNG SELAMAT,35,240
KAMPUNG SELAMAT,35,420
KAMPUNG SELAMAT,35,840
KWASA DAMANSARA,36,420
KWASA DAMANSARA,36,240
KWASA DAMANSARA,36,420
KWASA DAMANSARA,36,240
KWASA DAMANSARA,36,420
KWASA DAMANSARA,36,840
PUTRAJAYA SENTRAL,1,600
CYBERJAYA CITY CENTRE,2,600
CYBERJAYA UTARA,3,600
16 SIERRA,4,600
PUTRA PERMAI,5,600
TAMAN EQUINE,6,600
UPM,7,600
SERDANG JAYA,8,600
SERDANG RAYA SELATAN,9,600
SERDANG RAYA UTARA,10,600
SUNGAI BESI,11,600
TAMAN NAGA EMAS,12,600
KUCHAI,13,600
CHAN SOW LIN,14,600
TUN RAZAK EXCHANGE,15,600
CONLAY,16,600
PERSIARAN KLCC,17,600
AMPANG PARK,18,600
RAJA UDA,19,600
HOSPITAL KUALA LUMPUR,20,600
TITIWANGSA,21,600
SENTUL BARAT,22,600
JALAN IPOH,23,600
KENTOMEN,24,600
KAMPUNG BATU,25,600
SRI DELIMA,26,600
JINJANG,27,600
KEPONG BARU,28,600
METRO PRIMA,29,600
SRI DAMANSARA TIMUR,30,600
SRI DAMANSARA SENTRAL,31,600
SRI DAMANSARA BARAT,32,600
DAMANSARA DAMAI,33,600
SUNGAI BULOH,34,600
KAMPUNG SELAMAT,35,600
KWASA DAMANSARA,36,600
PUTRAJAYA SENTRAL,1,600
CYBERJAYA CITY CENTRE,2,600
CYBERJAYA UTARA,3,600
16 SIERRA,4,600
PUTRA PERMAI,5,600
TAMAN EQUINE,6,600
UPM,7,600
SERDANG JAYA,8,600
SERDANG RAYA SELATAN,9,600
SERDANG RAYA UTARA,10,600
SUNGAI BESI,11,600
TAMAN NAGA EMAS,12,600
KUCHAI,13,600
CHAN SOW LIN,14,600
TUN RAZAK EXCHANGE,15,600
CONLAY,16,600
PERSIARAN KLCC,17,600
AMPANG PARK,18,600
RAJA UDA,19,600
HOSPITAL KUALA LUMPUR,20,600
TITIWANGSA,21,600
SENTUL BARAT,22,600
JALAN IPOH,23,600
KENTOMEN,24,600
KAMPUNG BATU,25,600
SRI DELIMA,26,600
JINJANG,27,600
KEPONG BARU,28,600
METRO PRIMA,29,600
SRI DAMANSARA TIMUR,30,600
SRI DAMANSARA SENTRAL,31,600
SRI DAMANSARA BARAT,32,600
DAMANSARA DAMAI,33,600
SUNGAI BULOH,34,600
KAMPUNG SELAMAT,35,600
KWASA DAMANSARA,36,600
KL SENTRAL,1,420
KL SENTRAL,1,600
KL SENTRAL,1,420
KL SENTRAL,1,600
TUN SAMBANTHAN,2,420
TUN SAMBANTHAN,2,600
TUN SAMBANTHAN,2,420
TUN SAMBANTHAN,2,600
MAHARAJALELA,3,420
MAHARAJALELA,3,600
MAHARAJALELA,3,420
MAHARAJALELA,3,600
HANG TUAH,4,420
HANG TUAH,4,600
HANG TUAH,4,420
HANG TUAH,4,600
IMBI,5,420
IMBI,5,600
IMBI,5,420
IMBI,5,600
BUKIT BINTANG ,6,420
BUKIT BINTANG ,6,600
BUKIT BINTANG ,6,420
BUKIT BINTANG ,6,600
RAJA CHULAN,7,420
RAJA CHULAN,7,600
RAJA CHULAN,7,420
RAJA CHULAN,7,600
BUKIT NANAS,8,420
BUKIT NANAS,8,600
BUKIT NANAS,8,420
BUKIT NANAS,8,600
MEDAN TUANKU,9,420
MEDAN TUANKU,9,600
MEDAN TUANKU,9,420
MEDAN TUANKU,9,600
CHOW KIT,10,420
CHOW KIT,10,600
CHOW KIT,10,420
CHOW KIT,10,600
TITIWANGSA,11,420
TITIWANGSA,11,600
TITIWANGSA,11,420
TITIWANGSA,11,600
KL SENTRAL,1,720
TUN SAMBANTHAN,2,720
MAHARAJALELA,3,720
HANG TUAH,4,720
IMBI,5,720
BUKIT BINTANG ,6,720
RAJA CHULAN,7,720
BUKIT NANAS,8,720
MEDAN TUANKU,9,720
CHOW KIT,10,720
TITIWANGSA,11,720
KL SENTRAL,1,720
TUN SAMBANTHAN,2,720
MAHARAJALELA,3,720
HANG TUAH,4,720
IMBI,5,720
BUKIT BINTANG ,6,720
RAJA CHULAN,7,720
BUKIT NANAS,8,720
MEDAN TUANKU,9,720
CHOW KIT,10,720
TITIWANGSA,11,720
TITIWANGSA,1,420
TITIWANGSA,1,600
TITIWANGSA,1,420
TITIWANGSA,1,600
CHOW KIT,2,420
CHOW KIT,2,600
CHOW KIT,2,420
CHOW KIT,2,600
MEDAN TUANKU,3,420
MEDAN TUANKU,3,600
MEDAN TUANKU,3,420
MEDAN TUANKU,3,600
BUKIT NANAS,4,420
BUKIT NANAS,4,600
BUKIT NANAS,4,420
BUKIT NANAS,4,600
RAJA CHULAN,5,420
RAJA CHULAN,5,600
RAJA CHULAN,5,420
RAJA CHULAN,5,600
BUKIT BINTANG ,6,420
BUKIT BINTANG ,6,600
BUKIT BINTANG ,6,420
BUKIT BINTANG ,6,600
IMBI,7,420
IMBI,7,600
IMBI,7,420
IMBI,7,600
HANG TUAH,8,420
HANG TUAH,8,600
HANG TUAH,8,420
HANG TUAH,8,600
MAHARAJALELA,9,420
MAHARAJALELA,9,600
MAHARAJALELA,9,420
MAHARAJALELA,9,600
TUN SAMBANTHAN,10,420
TUN SAMBANTHAN,10,600
TUN SAMBANTHAN,10,420
TUN SAMBANTHAN,10,600
KL SENTRAL,11,420
KL SENTRAL,11,600
KL SENTRAL,11,420
KL SENTRAL,11,600
TITIWANGSA,1,720
CHOW KIT,2,720
MEDAN TUANKU,3,720
BUKIT NANAS,4,720
RAJA CHULAN,5,720
BUKIT BINTANG ,6,720
IMBI,7,720
HANG TUAH,8,720
MAHARAJALELA,9,720
TUN SAMBANTHAN,10,720
KL SENTRAL,11,720
TITIWANGSA,1,720
CHOW KIT,2,720
MEDAN TUANKU,3,720
BUKIT NANAS,4,720
RAJA CHULAN,5,720
BUKIT BINTANG ,6,720
IMBI,7,720
HANG TUAH,8,720
MAHARAJALELA,9,720
TUN SAMBANTHAN,10,720
KL SENTRAL,11,720
SUNWAY-SETIA JAYA,1,480
SUNWAY-SETIA JAYA,1,240
SUNWAY-SETIA JAYA,1,480
SUNWAY-SETIA JAYA,1,240
SUNWAY-SETIA JAYA,1,480
MENTARI,2,480
MENTARI,2,240
MENTARI,2,480
MENTARI,2,240
MENTARI,2,480
SUNWAY LAGOON ,3,480
SUNWAY LAGOON ,3,240
SUNWAY LAGOON ,3,480
SUNWAY LAGOON ,3,240
SUNWAY LAGOON ,3,480
SUNMED,4,480
SUNMED,4,240
SUNMED,4,480
SUNMED,4,240
SUNMED,4,480
SunU-Monash,5,480
SunU-Monash,5,240
SunU-Monash,5,480
SunU-Monash,5,240
SunU-Monash,5,480
SOUTH QUAY-USJ 1,6,480
SOUTH QUAY-USJ 1,6,240
SOUTH QUAY-USJ 1,6,480
SOUTH QUAY-USJ 1,6,240
SOUTH QUAY-USJ 1,6,480
USJ7,7,480
USJ7,7,240
USJ7,7,480
USJ7,7,240
USJ7,7,480
SUNWAY-SETIA JAYA,1,360
MENTARI,2,360
SUNWAY LAGOON ,3,360
SUNMED,4,360
SunU-Monash,5,360
SOUTH QUAY-USJ 1,6,360
USJ7,7,360
SUNWAY-SETIA JAYA,1,360
MENTARI,2,360
SUNWAY LAGOON ,3,360
SUNMED,4,360
SunU-Monash,5,360
SOUTH QUAY-USJ 1,6,360
USJ7,7,360
USJ7,1,480
USJ7,1,240
USJ7,1,480
USJ7,1,240
USJ7,1,480
SOUTH QUAY-USJ 1,2,480
SOUTH QUAY-USJ 1,2,240
SOUTH QUAY-USJ 1,2,480
SOUTH QUAY-USJ 1,2,240
SOUTH QUAY-USJ 1,2,480
SunU-Monash,3,480
SunU-Monash,3,240
SunU-Monash,3,480
SunU-Monash,3,240
SunU-Monash,3,480
SUNMED,4,480
SUNMED,4,240
SUNMED,4,480
SUNMED,4,240
SUNMED,4,480
SUNWAY LAGOON ,5,480
SUNWAY LAGOON ,5,240
SUNWAY LAGOON ,5,480
SUNWAY LAGOON ,5,240
SUNWAY LAGOON ,5,480
MENTARI,6,480
MENTARI,6,240
MENTARI,6,480
MENTARI,6,240
MENTARI,6,480
SUNWAY-SETIA JAYA,7,480
SUNWAY-SETIA JAYA,7,240
SUNWAY-SETIA JAYA,7,480
SUNWAY-SETIA JAYA,7,240
SUNWAY-SETIA JAYA,7,480
USJ7,1,360
SOUTH QUAY-USJ 1,2,360
SunU-Monash,3,360
SUNMED,4,360
SUNWAY LAGOON ,5,360
MENTARI,6,360
SUNWAY-SETIA JAYA,7,360
USJ7,1,360
SOUTH QUAY-USJ 1,2,360
SunU-Monash,3,360
SUNMED,4,360
SUNWAY LAGOON ,5,360
MENTARI,6,360
SUNWAY-SETIA JAYA,7,360
